source,target,weight
-WHOAMI-,至以无瑕之人_,1
-_-小菜鸟,AAA大发,1
-ミ,账号已注销,1
-一颗洋葱-,AKA阴间大法师,1
-养猫的鱼_,奔跑的Xpotato,1
-养猫的鱼_,鴉與赤い帽,1
-灵感谷-,不知名花童,1
-牧-LSEN,黑之麻将,1
-该用户暂不存在-,G点界的常青,1
-鈴子-,账号已注销,1
-长-歌_,䒴榆子,1
-降火,井盖百分号,1
-龙行龘龘,鹇羽,1
0173-Anna,千袖夫人,1
02aaaal,这是个6币的昵称,1
0雨文0,乱码泛滥,1
1235678zz,账号已注销,1
15454260058_bili,江山远野,1
18-A,菠萝橙儿,1
1_30-48,北大在逃蔡元培,1
1_30-48,穆瑢,5
1个个个个,这是个6币的昵称,1
225386368,马猴烧酒琉璃璃,1
23333333333_bili,菇子怪,1
279-桑椹味的群阳君,NIHAAOC,1
279-桑椹味的群阳君,建南和爱楠杰99喵,1
3点水的洋,接住我的小Yu滴,1
42016835502_bili,多乐DOLLAR_,1
424cat,他们的故事未完待续,1
496864498,䒴榆子,1
57584901739_bili,霜炎工作室,1
6011_2,账号已注销,1
712RY,小乐魂的花语是手慢无,1
77月日,长歌怀木樨,1
92202728325_bili,Diarhyeon_,1
9bf1pVEfPZ,Lily_526,1
AAA丰川建材祥哥,红魔馆の芙兰酱,1
AAA丰川建材祥哥,艾青十六,1
AAA大发,这是个6币的昵称,1
AAA海利亞女神激推,Oldseventeen,1
AAA海利亞女神激推,正义伙伴_实习,1
AAA海利亞女神激推,绿明风,1
AKA阴间大法师,-一颗洋葱-,1
AKA阴间大法师,SS-ER,1
AKA阴间大法师,_东方未明_,1
AKA阴间大法师,rikics,1
AKA阴间大法师,中柯院废物博士生,1
AKA阴间大法师,啃猫的大胡萝卜,1
AKA阴间大法师,山河阻绝,1
AKA阴间大法师,来碗酱汁豚骨拉面,1
AKA阴间大法师,痛击俺队友,1
AKA阴间大法师,蠧鱼爾,1
ARoain,乱码泛滥,1
Adirondack_,这是个6币的昵称,1
Aglaia音,世纪陈世美,1
Aik0o0,纯爱女神wwwwww,1
Alairen,长歌怀木樨,1
Alex-andra,亚丁勇士Daewon,1
Alex-andra,烹饪大师周文王,1
Alice小鲸鱼o,菇子怪,1
Anceting,巨巨JuJu巨巨JuJu,1
Andrea_larosa,迷鹿yysj,1
Angel449,猫剩可爱且帅,1
April-天殛,不知名花童,1
Ashlett,这是个6币的昵称,1
Atuolasi,我红中怎么会骗你,1
Averajjs,鹇羽,1
BBleRea,古人不识今时跃,1
Baymax丿丶丶,账号已注销,1
Beaspectator,bili_48364288435,1
Biden乔,芊蓉飞,1
Buttos,账号已注销,1
B站大学医学生,䒴榆子,1
C0RyZa,江锦瑶,2
COCO70,Lufroloc_,1
Cecilia_venti,bili_48364288435,1
Ceeeeeeyan在努力了,Lufroloc_,2
Cleo是上上签,天才小鱼干,1
Cupcakes_,䒴榆子,1
Cx-simulator,不知名花童,1
C御剑乘风去C,长岛滚水,1
DNY1119,不知名花童,1
DORCASX,不知名花童,1
DQD洛洺,給蛙島披袈裟,1
Deepsealuffy,千袖夫人,1
Diarhyeon_,92202728325_bili,1
Diarhyeon_,komiezz,1
Diarhyeon_,搂着星星等月亮,1
Django1989,长岛滚水,1
Duan煜,楼秋月,1
Earth-sMonody,嘎啦嘎啦52032,1
EastFireDonghui,图斯库尔,1
Erin_xx,亚历山德丽娜,1
FKCLY,fjaptx,1
FKCLY,充浩广议柳,1
FKCLY,春河もえ,1
FLY_to_,顾一壶,1
FUYUNOSOLA,内卷的阿舜,1
Fancy盐焗虾,猫剩可爱且帅,1
Fcxsx,长岛滚水,1
Fearless薛浮生,咕噜咕嘟花茶酱,1
Fearless薛浮生,长岛滚水,1
Firefight11号,天才小鱼干,1
Gabrielle_H,账号已注销,1
Gina-Chiu,一点多点亿点,1
Gloomyglyph,Oldseventeen,1
Godisdead,斤几重,1
Go比卡丘,这是个6币的昵称,1
Grilanita,猫剩可爱且帅,1
HALF1111,打嗝界扛把子,1
HESteR_鹿,婷婷要happy,1
Handsomerfs,账号已注销,1
Hey丶冈崎汐,䒴榆子,1
Hvyaa_Siella,爱iknu,1
II-Brado,咯乌拉尔,1
IceyZag,账号已注销,1
IseAtum,䒴榆子,1
JanepBirdhouse,哈哈哈哈-_-哈,1
Jay_6_27,凌风丨丶丶,1
JcXmA,猫剩可爱且帅,1
Jc啊啊啊啊啊,无敌小卢lll,1
JellyIcece,不知名花童,1
Joan2018新开始,维她命时代,1
Jreenyi,起名ok费劲ok,1
Jujuq_,Adirondack_,1
KIKI哈哈二tg,不知名花童,1
KPL小Q,千袖夫人,1
L-o-o,一包儿小熊软糖,1
LLK总统,木木牙叨叨,1
LOVWVWVE,长岛滚水,1
LRiver青面,多乐DOLLAR_,1
Leon禄,碧光兔,1
Le音,挥着翅膀的小鱼,1
Lily_526,9bf1pVEfPZ,1
Lily_526,天才小鱼干,1
Lily_526,就要我遛,3
Lily_526,生于平凡的人,1
Lizzzy不是面包,温尼伯在打字机,1
LuckyE-_-,以德斧人呀,1
Lufroloc_,Ceeeeeeyan在努力了,1
Lufroloc_,弦歌泠雅,2
Lufroloc_,抹茶星冰乐-123,1
Lufroloc_,紫芸沫沫,1
Lufroloc_,账号已注销,2
Lufroloc_,镜毓,1
M-JG-J-M,裝置術,1
MLpai,青空青雨,1
MO陌沫墨,II-Brado,1
Merakiiiiiiii,无敌小卢lll,1
Miaづづ,利威尔6270,1
MicroJocelyn小乔乔,YA无尽夏,1
MicroJocelyn小乔乔,再无阿穆尔之名,1
MicroJocelyn小乔乔,楼秋月,1
MicroJocelyn小乔乔,爆破鬼才吉卤蛋,1
MicroJocelyn小乔乔,瑕孩瞎害,1
MicroJocelyn小乔乔,艾瑞达双鱼,1
MieMieDalada,就要我遛,1
Miria丶月影,c767,1
Mizat开阳,陆木森森,1
Monkeylife_-,券商小罗罗,1
Moran也,千袖夫人,1
Mrazzz_,天才小鱼干,1
MuffetUnofficial,艾瑞达双鱼,1
Nalis,不知名花童,1
NicetomeetUUU,这是个6币的昵称,1
Nona-LL,凌风丨丶丶,1
Nostalgiaago,北路南栀,1
O-R-Z-黑猫,亚历山德丽娜,1
O-R-Z-黑猫,再无阿穆尔之名,1
O-R-Z-黑猫,柳风飞雪,1
Olivia谣谣日记,看我熬夜叫我拱去睡觉,1
O稻V稻O,一只会魔法的天狗,3
O稻V稻O,风动campaign,2
O稻V稻O,风莫101,2
POWERFULFEMALE,不知名花童,1
Pan-luo,枳子ovo,1
PassanteC,亚历山德丽娜,1
Philosoph_er,䒴榆子,1
Pinstart,秋风晚来-意,1
QAQs啥,站一边守护兽,1
Ql潘潘,wode麻鸭,2
RE_ZEROX,䒴榆子,1
Racer暮光,Diarhyeon_,1
Rain4ests,碧光兔,1
Rain4ests,账号已注销,1
ReidomY,不知名花童,1
Rmadness,䒴榆子,1
Ron小罗-,Oldseventeen,1
R语言哲学,沐子又重复了,1
SK8深海小鱼,是唔,2
SOAPunk,亚历山德丽娜,1
SS-ER,AKA阴间大法师,1
SS-ER,深海倒悬,1
SS-ER,碧光兔,2
ST-R-AY,天才小鱼干,1
Senia,碧光兔,1
Shell理查德,䒴榆子,1
SoftDr1nk,米呆呆小,1
Stanyc_,AAA大发,1
Sunny日青尺曰一,Oldseventeen,1
SureZayne,亚历山德丽娜,1
Swiftie555,什么时候ccb,1
Sylph之歌,䒴榆子,1
TNT鼠,sapphirebue,1
Thankyou杜,䒴榆子,1
The--Mafia,狡啮慎也_,1
Trxtek,奔跑的Xpotato,1
Tttang遥,Lambert名字已经存在,1
T幻幻幻幻幻,我再多吃是狗,1
UCF-卢卡,Diarhyeon_,1
Unknown56,黄连味水果糖,1
UnoNeko,Nemophilistq-,1
UnoNeko,兰心莳青竹,1
UnoNeko,猫月狸,1
UnoNeko,西柚青提果茶,1
Upstairsk,狡啮慎也_,1
VUKCL,不知名花童,1
VVHLLL,不知名花童,1
Visin__,猫剩可爱且帅,1
Vxudbzywfdyjfn,八月份的枸杞,1
Willies070509,破站懂事长,1
XSATURA6,小月河桥,1
XorAgreas,木木牙叨叨,1
XxMi437,煎饺放浪形骸版,1
YA无尽夏,MicroJocelyn小乔乔,1
YargyeNga,乱码泛滥,1
Z-Yanner-O,囨客,1
Zxcvbnmycw,什么时候ccb,1
_------荒------_,_小鬼大人_,1
_-Clarence-_,不知名花童,1
_Banana噗_,我红中怎么会骗你,1
_Satoshi,不知名花童,1
_Valar_Morghulis,临昼林舟,1
___仰望星空Q_Q,取啥子名字好勒,1
_东方未明_,AKA阴间大法师,1
_东方未明_,小布丁king,1
_之死靡它_,打嗝界扛把子,1
_什么时候结束啊,1个个个个,1
_你的好友已下线_,猫剩可爱且帅,1
_天是红河岸,不知名花童,1
_小鬼大人_,亻五我鸟,1
_枫岚_,呵口酱油,1
_枫岚_,茜空喵酱,1
_查布多德勒,长岛滚水,1
_洋芋泥,䒴榆子,1
_韩梦寒梦_,账号已注销,1
aa刘飞,多乐DOLLAR_,1
achaaaay,世纪陈世美,1
achaaaay,账号已注销,1
alalayu,细品人生之味,1
aliceptrc,JORDIN-BD,1
azreal6518,栀心雪落,1
bili_12859558858,楼秋月,1
bili_1488138980,翼谷,2
bili_37482437,䒴榆子,1
bili_48199980810,接住我的小Yu滴,1
bili_509980653,去北极看南极企鹅,1
bili_52214865588,mum,1
bili_52214865588,八月份的枸杞,1
bili_52214865588,初音未来救世歌姬,1
bili_52214865588,故人里归,1
bili_52214865588,漂浮于金鱼缸,2
bili_56548118467,世纪陈世美,1
bili_56548118467,清辉月凝寒霜夜,1
bili_67975089990,无敌小卢lll,1
bili_699490553,天才小鱼干,1
bili_699490553,账号已注销,1
bili_699490553,长岛滚水,1
bili_83747907419,䒴榆子,1
bili_89430352505,人机审核T439,1
bili_90130274869,唐顿法则,1
bili_90130274869,艾尔米塔什-,1
bilil_0123456789,小月河桥,1
blackのbutter,bili_52214865588,1
bluetwofive,Lufroloc_,1
boblovepunk,天才小鱼干,1
bububu知道,䒴榆子,1
bugrom,伤心的麻辣鸭爪,1
bury2fly,不知名花童,1
butterllifacy,小月河桥,1
c767,刘熙_,1
c767,接住我的小Yu滴,1
c767,无敌小卢lll,1
casuallycruel_,猫剩可爱且帅,1
checkra,打嗝界扛把子,1
couple果,斤几重,1
cyc2999,猫剩可爱且帅,1
d8r9f468,木木牙叨叨,1
d8r9f468,陆木森森,1
dawn0402,不知名花童,1
dear亦儿,深海倒悬,1
dhkmh,kikoni,1
eating_-,wu帆舞,1
fanswolea,Oldseventeen,1
foxxicn,不知名花童,1
gakoga,甜到忧伤の折耳根,1
ghjipkimkm,废话输出型AI,1
hdjjsjwjjs,乱码泛滥,1
hgjhifg,这是个6币的昵称,1
hmlp-,账号已注销,3
iiioai,Nona-LL,1
i是宝藏晶呀,bili_48364288435,1
i是宝藏晶呀,补天之石,1
i笛声悠扬,不知名花童,1
jujudBm,乱码泛滥,1
justasweetsleep,箬霖rl,1
kaikai星星,凌风丨丶丶,1
keidisodk,理想主义战士永不屈服,1
kent2,猫剩可爱且帅,1
kikoni,dhkmh,1
komiezz,Diarhyeon_,1
kwhzi,乱码泛滥,1
la_star,打嗝界扛把子,1
lchili2014,凌风丨丶丶,1
leah萱,账号已注销,1
liluo626,江锦瑶,1
lllllllNK,JORDIN-BD,1
lolo88,不知名花童,1
lqzk,一点多点亿点,1
marrymeJuliet-,木木牙叨叨,1
miaomiaoyue,木木牙叨叨,1
miki领便当,菇子怪,1
mrShawn阿翔,吴彦祖3658,1
mum,bili_52214865588,1
mur-v-phy,长岛滚水,1
m凌云j,无敌小卢lll,1
paneljai,开二花的小白菜,1
prog_柿皮,ykx899,1
qqq123006,小懒和花栗鼠,1
rabbite281,泽-小-北,1
ratepower,木木牙叨叨,1
rikics,AKA阴间大法师,1
riohughes,楼秋月,1
sali_0,䒴榆子,1
sapphirebue,TNT鼠,2
sapphirebue,亚历山德丽娜,1
sasx-,八重佩佩卡妈重度依赖,1
schskm,關硎,1
shuhhuu,天才小鱼干,1
shushu103,打嗝界扛把子,1
spease-空格,不知名花童,1
spring_春天,归去不来溪,1
star_chii,xialei_026,1
sun诗川岛,JORDIN-BD,1
takerrrQvQ,一只会魔法的天狗,2
txnuet785924,bili_48364288435,1
ubstitute,吕君,2
u非常V钾人VB,什么时候ccb,1
vcdggjjchdur,长岛滚水,1
warmbone2000,-_-小菜鸟,1
wiseeeeeeeee,木木牙叨叨,1
wode麻鸭,Ql潘潘,1
wode麻鸭,小懒爱恰米,1
woolen-hat,账号已注销,1
wu---kid,kiko_by_kk,2
w云海w,吕君,1
xchkyz,Oldseventeen,1
xxccl_7,lumenxixi,1
yinnnzq,䒴榆子,1
yj泡泡a,乱码泛滥,1
ykx899,prog_柿皮,1
ykx899,好想变成火柴人,1
yuanjinboss,这是个6币的昵称,1
yyysr2233,德胜得勝,1
zgift,千袖夫人,1
ぃ黑雪姬,忧从中来皆为君,1
ぅぅじば,天才小鱼干,1
えのころごさ,䒴榆子,1
ふわふわ紅莉栖,什么时候ccb,1
゚゙゚゙゚穗,菇子怪,1
゚白井黑子,_Valar_Morghulis,1
゚白井黑子,枫叶待秋,1
ナツマメ,木木牙叨叨,1
ニャニャニャ幼稚園長,JORDIN-BD,1
ヨ丸薬,故人里归,1
䒴榆子,亚历山德丽娜,1
一一一一一一个硬币,做一条快乐的咸鱼,1
一个帅气杀手,ぅぅじば,1
一个毛绒绒的大毛团,接住我的小Yu滴,1
一个毛绒绒的大毛团,陆木森森,1
一个毛绒绒的大毛团,霖霖兔yy_,1
一个蕉灼的蕉佬,猫剩可爱且帅,1
一九九年零四二十二,周瑜大嘟嘟-,1
一包儿小熊软糖,L-o-o,1
一升屎尿屁,木木牙叨叨,1
一口冰可乐-,不知名花童,1
一只会魔法的天狗,O稻V稻O,3
一只会魔法的天狗,takerrrQvQ,1
一只会魔法的天狗,萌牛酸奶glf,1
一只会魔法的天狗,风莫101,1
一只半老徐娘,䒴榆子,1
一只斑鸠不会咕,菇子怪,1
一块失去理想的板砖_,好想变成火柴人,3
一平戎策一,长歌怀木樨,1
一扫庭前雪,II-Brado,1
一支桃小花,猫剩可爱且帅,1
一朵清澈筱璐,天才小鱼干,1
一点多点亿点,腐之森,1
一片羽毛卷儿,无敌小卢lll,1
一眼沦陷两眼一黑,女只认豪车彩礼钱,1
一眼沦陷两眼一黑,小月河桥,1
一眼沦陷两眼一黑,斤几重,1
一眼沦陷两眼一黑,账号已注销,1
一眼误,多乐DOLLAR_,1
一米五九也很高,䒴榆子,1
一艘小红船,江山远野,1
万岁爷于,木木牙叨叨,1
万年夏,不知名花童,1
三两云吞面,䒴榆子,1
三二一一一四,打嗝界扛把子,1
三千一百九十四,有顶天のお嬢ちゃん,1
三月彌生,账号已注销,1
上dpor,不知名花童,1
上海青_-,经涂酒鬼,1
下_夏天,菇子怪,1
不为谁而取的名12138,打嗝界扛把子,1
不二口山木有,细胞柱间,1
不会吃香菜啊,不知名花童,1
不修善果只爱点火,巧儿姐丶,1
不修善果只爱点火,月眀,1
不偷月_,不知名花童,1
不卡叻,账号已注销,1
不带雨伞不带手表,Lily_526,1
不带雨伞不带手表,亻五我鸟,1
不带雨伞不带手表,夏洛克家的二姑娘,1
不带雨伞不带手表,天阙琳琅,1
不成熟的boi,不知名花童,1
不是帅哥又如何,Philosoph_er,1
不是帅哥又如何,攻的啃爷,1
不是帅哥又如何,有顶天のお嬢ちゃん,1
不是我说真的没昵称了,II-Brado,1
不知名花童,POWERFULFEMALE,1
不非糖再不氪金,多乐DOLLAR_,1
与Charlie热恋中,乱码泛滥,1
与我神方收摄不祥,_Valar_Morghulis,1
与我神方收摄不祥,你是树袋熊的树吗,1
专业电子宠物收集,雪狐狸2025,1
世界只是一直在旋转-_,菇子怪,1
世纪陈世美,咸香椰汁,1
世纪陈世美,羅輯logic,3
世纪陈世美,账号已注销,1
世纪陈世美,鴉與赤い帽,2
东东证券小课堂,凌风丨丶丶,1
东京粉毛,霜炎工作室,1
丢丢丢比丢,千袖夫人,1
两步_逃离地狱,什么时候ccb,1
丨浅情丨,不知名花童,1
中国大陆南方的网友,M丶御坂美琴,1
中柯院废物博士生,AKA阴间大法师,1
丰丰雪心吖,乱码泛滥,1
临山散人,路过评论区的假面骑士,1
临江慰风尘,这是个6币的昵称,1
丶丶一念,狡啮慎也_,1
丶怪怪怪小虐,乱码泛滥,1
为了尼奥,芸草飘吖飘,1
举报拉黑删我评的是狗,bili_12859558858,1
乌巫刃大魔王,不知名花童,1
乐园中她仍旧唱着,II-Brado,1
乘与七ing,无敌小卢lll,1
九三鸟,细品人生之味,1
九亿少女王德民,天才小鱼干,1
二分阴影只做1,理想主义战士永不屈服,1
二枫哒,乱码泛滥,1
二的五次方_,不知名花童,1
二胎宝爸封蛋,fenrisulfr弥,1
二菇的力量,䒴榆子,1
于我而言的你们,䒴榆子,1
云晕允迩,赵承乾_,1
云雨笙筱,账号已注销,1
互联网可真太有趣了,不知名花童,1
互联网时代原始人,木木牙叨叨,1
互赞互币我置顶视频,碧光兔,1
五团_儿,天才小鱼干,1
亚丁勇士Daewon,江山远野,1
亚历山德丽娜,䒴榆子,1
亚历山德丽娜,你做甚去了,1
亚历山德丽娜,我喜欢你喜欢的我1111,1
亚历山德丽娜,鹇羽,1
亚硝酸盐-NaNO2,不知名花童,1
交团结-税了吗,雨一静月云,1
亦宛叶,小是清,1
亦宛叶,是八君呀,1
亦宛叶,督尔,1
亦宛叶,菇子怪,1
人不会和非人争论,不知名花童,1
人之律者爱莉,亻五我鸟,1
人仌仌众众,一_光年,1
人哪有不疯的哈哈,乱码泛滥,1
人机审核T439,菇子怪,1
人生的山丘,Lufroloc_,1
人祖猴,一块失去理想的板砖_,1
亻五我鸟,Lufroloc_,1
亿丶困,不知名花童,1
什么时候ccb,鹅少丶,1
今天也有氧了吗,半两不是25g,1
今天也要打豆豆,这是个6币的昵称,1
今天又咕了吗,周瑜大嘟嘟-,1
今天又咕了吗,姓申属猴,1
今天又咕了吗,带围脖的小熊猫,1
今天又咕了吗,马猴烧酒琉璃璃,1
今天可以不上班吗qwq,乱码泛滥,1
今天吃什么么么么么么,菇子怪,1
今天晚上吃红烧排骨,账号已注销,1
今子欲以子之,鹇羽,2
今田耕司,乱码泛滥,1
仔宅崽,天才小鱼干,1
他-一个普通的人,不知名花童,1
他们的故事未完待续,424cat,3
仙仙流光,千袖夫人,1
伊斯埃利尔,打嗝界扛把子,1
伏特玾,爱的红黑围巾,1
会顺利的啦,自甚远方,1
传奇--机长,顾小粥い,1
传递者iris,猫剩可爱且帅,1
伤心加油站_,䒴榆子,1
伤心的麻辣鸭爪,bugrom,1
体面的Mr谢,不知名花童,1
何为城,1个个个个,1
何为城,敬畏岁月,1
余有逆鳞,木木牙叨叨,1
作息规律的凤梨,猫剩可爱且帅,1
你专业的妮塑大师,䒴榆子,1
你做甚去了,亚历山德丽娜,1
你干嘛来啊,木木牙叨叨,1
你干嘛来啊,细品人生之味,1
你我所欲也_,圣鞠斯特效药,1
你是大西呱吧_,乱码泛滥,1
你是树袋熊的树吗,菇子怪,1
你最好闭嘴哦,深海倒悬,1
你的今日私享,䒴榆子,1
你的话费怎么还没交,这是个6币的昵称,1
你鹞鸽,这是个6币的昵称,1
佩觿酱,不吃香菜-考研0854版,1
佩觿酱,理想你今年多大了,1
侍没谱,猫剩可爱且帅,1
便于携带的花生,路过评论区的假面骑士,1
保密发货01,这是个6币的昵称,1
保护我方小肉包,宋队的林法1,1
信安琪得永生,c767,1
假心妙妙屋,打嗝界扛把子,1
假心妙妙屋,最喜欢小八和悠米啦,1
假心妙妙屋,龙罐罐,1
做一条快乐的咸鱼,一一一一一一个硬币,1
做梦都被甜醒,䒴榆子,1
停止你的点赞行为,木木牙叨叨,1
偶尔想你-经常偶尔,乱码泛滥,1
充浩广议柳,BraKet_,1
光在窗台外,鴉與赤い帽,1
免疫系统执行中,菇子怪,1
兔兔哒哒咪,多乐DOLLAR_,1
兔叽叽QAQ,世纪陈世美,1
兔叽叽QAQ,账号已注销,1
兔子小姐拜托了i,打嗝界扛把子,1
兔子爱吃红烧兔头,接住我的小Yu滴,1
兔形陶埙,不知名花童,1
入眼皆河川,菇子怪,1
八云夏白泽,猫咪的心上人,1
六七北北羊,不知名花童,1
六叶亭,长歌怀木樨,1
兰斯洛特iiiii,䒴榆子,1
其实不吃糖,世纪陈世美,1
内卷摸鱼两手抓,千袖夫人,1
内卷的阿舜,FUYUNOSOLA,2
内卷的阿舜,bili_48364288435,1
再无阿穆尔之名,AAA大发,1
再无阿穆尔之名,MicroJocelyn小乔乔,2
再无阿穆尔之名,O-R-Z-黑猫,2
再无阿穆尔之名,楼秋月,1
再无阿穆尔之名,长歌怀木樨,1
再炫一碗蒸圆子_,不知名花童,1
冒险小仙女,不非糖再不氪金,1
冒险小仙女,接住我的小Yu滴,1
冯熙瑜,木木牙叨叨,1
冰oOvOo,木木牙叨叨,1
冰空-海漠,碧光兔,1
冷棠梨,什么时候ccb,1
凌千熠,细品人生之味,1
凌零-kk,Miria丶月影,1
凌零-kk,散宝我的心头好,1
凌风丨丶丶,Jay_6_27,1
凌风丨丶丶,在下特可爱,1
几个璇大喵,陵靖,1
刀疤小猪xi,miki领便当,1
刚刚睡醒什么事0-0,請與廢柴的我,1
初音未来救世歌姬,bili_52214865588,1
別來有恙,casuallycruel_,1
别叫我陈大苗,木木牙叨叨,1
别问在睡觉鸽了,打嗝界扛把子,1
刻叶-,不知名花童,1
加糖的粥粥,路过评论区的假面骑士,1
勇敢大蜥蜴,账号已注销,1
包子皮皮a,c767,2
包子皮皮a,啊就酱紫呀,1
包烧牛骨髓,bugrom,1
北大在逃蔡元培,咕噜咕嘟花茶酱,1
北方联盟大统领,不知名花童,1
北汐xixi,细品人生之味,1
千月羽,接住我的小Yu滴,1
千莲月,世纪陈世美,1
千莲月,米呆呆小,1
千袖夫人,乱码泛滥,1
千银樱雪,碧光兔,1
午饭好吃233,乱码泛滥,1
半两不是25g,今天也有氧了吗,1
半个技术宅,山园暗香,1
半个技术宅,沉二爷,1
半个技术宅,碎屿,1
半个技术宅,笠_箢,1
半个技术宅,边角料狗狗,1
半个技术宅,香橙炒竹笋,3
半步平川,咕噜咕嘟花茶酱,1
半边阙城,MicroJocelyn小乔乔,1
卍解-伏魔御厨子,楼秋月,1
华北の苟子,啊阿阿吖,1
华昭起瑞祥绣锦,雪莱的纸船,1
卓卓lzy,天才小鱼干,1
单乙烯基原叶绿素酯a,猫剩可爱且帅,1
单白白一,䒴榆子,1
单飞白,保护我方小肉包,1
单飞白,小布丁king,1
南辰淄淮,不知名花童,1
博学的狮子AlRance,木木牙叨叨,1
卡卡的提菲菲的比,账号已注销,1
卡哦米,姓申属猴,1
卡尔西法O_o,五亿个小铃铛------,1
卡拉卡拉莉莉,天才小鱼干,1
卧鹞,不知名花童,1
历史的ip,什么时候ccb,1
历史看君现在,这是个6币的昵称,1
原卿苏陌,菇子怪,1
原子山羊,我还是支持AC米兰,1
原野Hong,Jreenyi,1
原铸暗鸦守卫鲁滨逊,看我熬夜叫我拱去睡觉,1
发烧大咸鱼,不知名花童,1
叛逃100次,AhriMID,1
叛逃100次,爱爱爱夜_,1
古人不识今时跃,狡啮慎也_,1
古人不识今时跃,这是个6币的昵称,1
古式科普,䒴榆子,1
古德池,天才小鱼干,1
只会正片叠底,周瑜大嘟嘟-,1
只会正片叠底,马猴烧酒琉璃璃,1
只是想见你啊,木木牙叨叨,1
只是有丶累啦,账号已注销,2
叫我复读机就好,bili_48364288435,1
叫我阿茶呀,开二花的小白菜,1
叫我阿茶呀,木木牙叨叨,1
可愛い小斯,菇子怪,1
可爱值-1,打嗝界扛把子,1
可爱值-1,账号已注销,1
可颂收藏家鸢暮,Suan柒,1
叶子掉了嘛,设置个啥昵称好呢,1
叶疏冰,乱码泛滥,1
叶翎piume,多乐DOLLAR_,1
叶舷歌,阿波罗10号,1
叶落枕玉竹,女只认豪车彩礼钱,1
吃喝玩乐在广州Canton,不知名花童,1
吉川冨浪,打嗝界扛把子,1
吉川冨浪,钱花不出去先存我这,1
吉沢若葉wakaba,路过评论区的假面骑士,1
同学香如故,miaomiaoyue,1
名井南四烧一,千袖夫人,1
名字这东西跟我对着干,接住我的小Yu滴,1
名字都被用了呢,爱爱爱夜_,1
吐司小狗斑斑,碧光兔,1
向阳卡基米,非同质化人类NFP,1
吟风4431,不知名花童,1
吾本-丝萝,乱码泛滥,1
吾李雾里悟理,晚风吻尽荷花叶yeah,1
呆毛慢慢飘,II-Brado,1
呼哈呼哈22,䒴榆子,1
和平のWORLD,Oldseventeen,1
咕噜咕噜的碳烧煤球,阿帽生日快乐,1
咩咩绵棉花糖,互粉区区长,1
咪路过于可爱,哄哈木数字逻辑图,2
咸香椰汁,烹饪大师周文王,1
哇一口兔子,Oldseventeen,1
哈哈给你们全创死,楼秋月,1
哩个哩个哩,乱码泛滥,1
啃猫的大胡萝卜,AKA阴间大法师,1
啃猫的大胡萝卜,猫剩可爱且帅,1
啊-是关中王来了,长岛滚水,1
啊就酱紫呀,包子皮皮a,1
啊阿阿吖,艾瑞达双鱼,1
啥随风,天才小鱼干,1
啪叽啪啦帕皮拉,拂朱雪,1
善良的路人66,不知名花童,1
喜欢吐槽的神,MicroJocelyn小乔乔,1
喜欢喝甜不喜欢吃甜,牛哈切夫,1
喵丶尾,猫剩可爱且帅,1
喵子mz1023,乱码泛滥,1
喵酱鸭皮,昔甲依然在,1
喻温白,Monkeylife_-,1
喻温白,绿明风,2
嘎啦嘎啦52032,接住我的小Yu滴,1
嘴巴不止吃饭,不吃香菜-考研0854版,1
嘻嘻哈哈略略啦啦鹅,路过评论区的假面骑士,1
嘻嘻哈哈的丫丫,菇子怪,1
嘿不要不开心,乱码泛滥,1
噜呐_,打嗝界扛把子,1
噜啦啦呜呼哈嘿,乱码泛滥,1
四圆日记,miki领便当,1
四筒-,䒴榆子,1
回廊一寸雪,清辉月凝寒霜夜,1
回忆终是过往云烟,楼秋月,1
困困魚1122233333,bili_48364288435,1
困狗咖啡因,不知名花童,1
固执的菠萝,Jreenyi,1
图斯库尔,MicroJocelyn小乔乔,1
圆圆der汤甜,不知名花童,1
圣鞠斯特效药,拆我CP_天打雷劈,1
圣鞠斯特效药,起名真的很麻烦鸭,1
在下沈娇娇,白色的贵鬼,1
在下特可爱,凌风丨丶丶,1
在世真龙11,细品人生之味,1
在宇宙里找嘴角,G点界的常青,1
在宇宙里找嘴角,寒风相催,1
在星河欲坠时,打嗝界扛把子,1
地冥天迹真爱,天才小鱼干,1
地域黑的霉财运,不知名花童,1
地表最强龙仔,不知名花童,1
坚持和所有人好好说话,MicroJocelyn小乔乔,1
堆烟烟,姓申属猴,1
塔米玖玖,打嗝界扛把子,1
塔门斗士沙毕亚,䒴榆子,1
墨乘洒,wyh200041,1
墨染遍地,䒴榆子,1
声音舟-抵制日货,天才小鱼干,1
夏侯永贞,Lily_526,1
夏侯永贞,天阙琳琅,1
夏目的喵老师,细品人生之味,1
外婆水蒸蛋,塑料叉FOKU,1
夙渊-夙血血,细品人生之味,1
多加一碗饭昂,米呆呆小,1
多弗朗明哥の老婆,立秋子--,1
多情至薄,䒴榆子,1
大丈夫干杯,ぅぅじば,1
大唐太宗文皇帝-,这是个6币的昵称,1
大型人形自走咸鱼,桀骜千夜,1
大大大大哒西瓜,今天可以不上班吗qwq,1
大如应乙传糊穿地心,Jay_6_27,1
大如应乙传糊穿地心,带围脖的小熊猫,1
大松鼠小可怜,VVHLLL,1
大橙子xjc,乱码泛滥,1
大汉武侯诸葛亮,䒴榆子,1
大汉武侯诸葛亮,吉川冨浪,1
大汉武侯诸葛亮,猫剩可爱且帅,1
大胖小蓝,木木牙叨叨,1
大蕊蕊怪,我红中怎么会骗你,1
大蛇薙kof,呆阿政ll,1
天命蓝彩圣体,不知名花童,1
天才小小念,人生的山丘,1
天润牛乳业,䒴榆子,1
天空de龙猫,细品人生之味,1
天蛾人尤厄-奥格助教,世纪陈世美,1
天蛾人尤厄-奥格助教,顾小粥い,1
天阙琳琅,不带雨伞不带手表,1
天阙琳琅,爱的红黑围巾,1
天阙琳琅,白色的贵鬼,1
失去六枚硬币丷,我红中怎么会骗你,1
失控的季风,䒴榆子,1
失散多年的亲哥哥,䒴榆子,1
失落的毯子,不知名花童,1
奔跑的Xpotato,兰心莳青竹,1
奥斯特懦夫撕煤油鸡,不知名花童,1
奶奶奶奶兔,这是个6币的昵称,1
奶油粥舒舒,蜗牛柯基2将军,1
好想变成火柴人,ykx899,1
好想变成火柴人,一块失去理想的板砖_,2
好想变成火柴人,雪落时分记起我,1
好运想想我,不知名花童,1
如果她慾吻,不修善果只爱点火,1
如果她慾吻,啊棽棽棽,1
如果她慾吻,爱爱爱夜_,2
如果她慾吻,襼,7
妖爻爻,小布丁king,1
妘燚灼,哈哈哈哈-_-哈,1
妘燚灼,多弗朗明哥の老婆,1
妙蛙花QAQ,不知名花童,1
妤小念,菇子怪,1
妮白子,我红中怎么会骗你,1
姚姚加油努力,账号已注销,1
威武霸气的星星,䒴榆子,1
威武霸气的星星,米呆呆小,1
娜塔莉娅kk,独立的鸽子,2
子墨ww,账号已注销,1
存档存档,圣鞠斯特效药,1
孙小贝呗_,_你的好友已下线_,1
孙悟空大战三体人,M丶御坂美琴,1
孤光不再,兜里没有手,1
孤光不再,干饭跑的比谁都快,1
孤光不再,襼,2
孤单听泉猫,木木牙叨叨,1
孤狼AIone,alina_呀,1
孤箫独影终一曲,清辉月凝寒霜夜,1
宇宙摇滚Meimei,中国可控核聚变成精了,1
守一朝闲,Lufroloc_,1
守夜champion森晴,爱的红黑围巾,1
安琪儿慕雪,Jreenyi,1
安雅鑫儿,䒴榆子,1
安静x,不知名花童,1
宋队的林法1,无敌小卢lll,1
宋队的林法1,碧光兔,1
实验室小蘑菇,鹿羊sleeping,1
宠忆生宠物善终服务,亚历山德丽娜,1
宠霾。,正义伙伴_实习,1
寄叭猫喵,宋队的林法1,1
对在心上,我红中怎么会骗你,1
对汤圆心动一万次,飞天鱼团团,1
将军下命令吧,细品人生之味,1
小CKK不睡觉,长岛滚水,1
小R三寶媽,无数只金鱼,1
小乐魂的花语是手慢无,Elulindo-,1
小乐魂的花语是手慢无,长岛滚水,2
小乖鬼,猫剩可爱且帅,1
小九陛下,正义伙伴_实习,1
小仙男娶寺-征婚版,接住我的小Yu滴,1
小健君ft,䒴榆子,1
小刘anmuxi1806,深海倒悬,1
小口喝热水,理想你今年多大了,2
小呀小杂货,不知名花童,1
小城风雨旧少年丶,乱码泛滥,1
小孙suuun,乱码泛滥,1
小安同学12,无敌小卢lll,1
小小斟茶兵,蜜汁藕,1
小屿-_-,不知名花童,1
小布丁king,单飞白,2
小布丁king,宋队的林法1,1
小布丁king,新-岄,1
小惠不想上幼儿园,猫剩可爱且帅,1
小懒和花栗鼠,灼灼红星,1
小懒爱恰米,梦姐的旧裤子,1
小日子国排放核污水,1个个个个,1
小日子国排放核污水,䒴榆子,1
小日子国排放核污水,细品人生之味,1
小是清,亦宛叶,1
小梦子-,AM梦耶,1
小橘猫爱吃堂,䒴榆子,1
小橘猫爱吃堂,来治singsing的李,1
小橘猫爱吃堂,菇子怪,1
小橘猫爱吃堂,路过评论区的假面骑士,1
小浣熊的尾巴草,龙罐罐,1
小漩Ella,不知名花童,1
小狗滚泥天下无敌_,做一条快乐的咸鱼,1
小短手拾拆,c767,1
小短手拾拆,不知名花童,1
小短手拾拆,肇庆医学院,1
小破坏,䒴榆子,1
小禧熙,䒴榆子,1
小章鱼重度依赖,江鸟JL,1
小羽wl,_凪,1
小肠在当下,梦姐的旧裤子,1
小肠在当下,车间子,1
小菲饱饱owo,乱码泛滥,1
小野狗JOE,ReidomY,1
小雨圆圆滚滚,乱码泛滥,1
小香梨ovo,AKA阴间大法师,1
小鱼儿改醒了,这是个6币的昵称,1
少主真的想亖,天空de龙猫,1
少数一粒pie,比例子,1
尬咖,Lily_526,1
就像三十岁的梵高,liluo626,1
就只是想换个名字,䒴榆子,1
就是想看看名字能取多,忘记了大树,1
就是想看看名字能取多,莆田儿,1
就是想看看名字能取多,诗城桃华,1
就要我遛,Lily_526,3
就要我遛,曼希斯学派,1
就要我遛,木木牙叨叨,1
就要我遛,江山远野,1
就要我遛,账号已注销,1
尼罗河边的前辈,长岛滚水,1
屁里带毒崩谁谁无j,䒴榆子,1
屋企无田给我耕,Shell理查德,1
属于我的那颗星,䒴榆子,1
属猪的跳跳虎,不知名花童,1
属猪的跳跳虎,深海倒悬,1
屮l0v0l屮,长歌怀木樨,1
屮l0v0l屮,鴉與赤い帽,1
山园暗香,半个技术宅,1
山河阻绝,AKA阴间大法师,1
山犬玫瑰园,碧光兔,1
山顶洞人爱吃椰奶,账号已注销,1
岁清,小惠不想上幼儿园,1
岚隐雾中歇,圣鞠斯特效药,1
岛风だぜ,博愛x自我,1
崔莺莺嘤嘤,寻不知名的海,1
川瑠佈希,猫剩可爱且帅,1
巧儿姐丶,不修善果只爱点火,2
巧儿姐丶,如果她慾吻,1
巧儿姐丶,月眀,1
巫jiujiu,木木牙叨叨,1
巫木木,Rain4ests,1
已和西野七濑领证,鹇羽,1
布希布希_,喵丶尾,1
布莱恩_格瑞芬,曼希斯学派,1
希德雅,凌风丨丶丶,1
希望张老师健康长寿,不知名花童,1
希耶缇,䒴榆子,1
带围脖的小熊猫,今天又咕了吗,2
带围脖的小熊猫,账号已注销,1
带霜烹紫蟹__,不知名花童,1
席小倩,bili_48364288435,1
干饭跑的比谁都快,账号已注销,1
平地摔倒不摔心,ぅぅじば,1
年年又年年RAIN,菇子怪,1
幻灵若言心,残魂断前尘,1
幽蘭德,bili_56548118467,1
幽蘭德,清辉月凝寒霜夜,1
庄主是庄生,猫剩可爱且帅,1
序78,木木牙叨叨,1
度洛图,是万秋あ,1
建南和爱楠杰99喵,279-桑椹味的群阳君,1
建南和爱楠杰99喵,小月河桥,1
开二花的小白菜,木木牙叨叨,1
开学别回评论了,什么时候ccb,1
开心的拔萝卜,MicroJocelyn小乔乔,1
开袋即食金针菇,快放我嘴里,1
开高达去你家,猫剩可爱且帅,1
异教徒阿斯顿,菇子怪,1
张爱国o,JORDIN-BD,1
张言川的胸大肌,哈哈哈哈-_-哈,1
张言川的胸大肌,菇子怪,1
弦歌泠雅,Lufroloc_,2
弦歌泠雅,落珠如玉,1
归去不来溪,艾瑞达双鱼,2
归烬sama,碧光兔,1
彡YYL,亚历山德丽娜,1
彡YYL,我喜欢你喜欢的我1111,1
形容词只有一字萌,葯物治療醫療系天使,1
彧天殇,打嗝界扛把子,1
很喜欢吃甜枣,Diarhyeon_,1
微笑着的司徒猫,Jreenyi,1
微虫世界,Jreenyi,1
德胜得勝,米呆呆小,1
德芙在家,这是个6币的昵称,2
心理委员提醒你,猫剩可爱且帅,1
忆米,练习基本功,1
忧从中来皆为君,木木牙叨叨,1
快乐的小商同学,清风吹上山,1
快乐笨蛋-秦大壮,练习基本功,1
念芊墨羽,AKA阴间大法师,1
怪化猫的花微酱,不知名花童,1
恐猪族爱玩溜溜球,猫剩可爱且帅,1
恩恩嗯你说的对,AKA阴间大法师,1
息壑,烹饪大师周文王,1
恰螺蛳耶,乱码泛滥,1
恸恸和弦,Atxchs,1
悠仁的小红帽,Lufroloc_,1
悦悦爱学习x,Jreenyi,1
您是真的逗啊,如花美眷似流年,1
您是真的逗啊,练习基本功,1
您是真的逗啊,蝦仁鹹魚飯,1
悲伤蜜蜂eee-,七分熟荔枝,1
情书骚吕,不知名花童,1
想好名字前先提出异议,楼秋月,1
想词嗷恬豆包,䒴榆子,1
惹我就当你推梦女哦,烈阳疾雨,2
愛德蒙德,不知名花童,1
愿暑假没有作业君陪,-灵感谷-,1
懒懒的叶子w,Lufroloc_,1
懿真ヾ,不知名花童,1
戏姊_,3明月松间照3,1
戏姊_,M丶御坂美琴,1
戏姊_,女只认豪车彩礼钱,1
戏姊_,桔梗兜,1
戏姊_,聪聪大聪明,1
戏姊_,至以无瑕之人_,1
戏姊_,账号已注销,1
我七你三_,不知名花童,1
我也爱你爱你爱你,不知名花童,1
我今天真的会早点睡,不知名花童,1
我似枝枝,打嗝界扛把子,1
我再多吃是狗,不知名花童,1
我可是四级号的人了,多乐DOLLAR_,1
我向蔚蓝,不知名花童,1
我喜欢你喜欢的我1111,亚历山德丽娜,1
我好萌好帅好傲娇,凌风丨丶丶,1
我家爱豆是美人,拂朱雪,1
我就爱吃乡村鸡,boblovepunk,1
我心如炽焰,不知名花童,1
我心祈愿,猫剩可爱且帅,1
我是夜天子,d8r9f468,1
我是大法师呀,䒴榆子,1
我是小一鸭,不知名花童,1
我是李硕珉的狗,塔拉哈西的雨落在冰岛,1
我是靓仔我不亮,又怂又壮张黑糖,1
我有恋蛇癖,账号已注销,1
我本蓝星一芥子,长歌怀木樨,1
我比城北徐公美一百倍,MicroJocelyn小乔乔,1
我泰萌勒,乱码泛滥,1
我爱学习嗷嗷嗷嗷嗷,细品人生之味,1
我的小马珍珍,不知名花童,1
我的朋友是咻鹿,不知名花童,1
我的爱溢出就像雨水i,天才小鱼干,1
我睡不着觉了啊,不知名花童,1
我素登登,NIHAAOC,1
我红中怎么会骗你,沧澜旖梦,1
我耳朵瞎了诶,乱码泛滥,1
我肚子好餓阿,乱码泛滥,1
我觉得你说得都对,影月读书,1
我觉得你说得都对,是我最想留住的幸运,1
我还是美国队长呢,账号已注销,1
手冢11比0逅入幸村,大WANG_DZC,1
才没有和机械乌鸦吵架,乱码泛滥,1
打嗝界扛把子,_之死靡它_,1
打嗝界扛把子,bili_48364288435,1
打嗝界扛把子,checkra,1
打嗝界扛把子,别问在睡觉鸽了,1
打嗝界扛把子,是庸人95,1
打嗝界扛把子,有事先喝水,1
打嗝界扛把子,江锦瑶,1
打嗝界扛把子,貌美亡夫周防尊,1
打嗝界扛把子,轻雨梵音,1
托儿夫撕鸡,打嗝界扛把子,1
把何故还给宋居寒,木木牙叨叨,1
抓魚的貓,谢蟹蟹979,1
披萨也,怎么说都不会说话呢,1
抱猫散人or,又怂又壮张黑糖,1
抹茶星冰乐-123,Lufroloc_,1
抹茶星冰乐-123,天才小鱼干,1
抹茶星冰乐-123,账号已注销,1
拂朱雪,啪叽啪啦帕皮拉,2
拂朱雪,杨芊礼,1
拂朱雪,该昵称已存在204,1
拆我CP_天打雷劈,圣鞠斯特效药,1
拒绝特大暴雨,凛又双叒叕狂暴辣,1
拜托设置让我过吧,不知名花童,1
拾光与时,菇子怪,1
挥着翅膀的小鱼,Le音,1
捆绑游戏,不知名花童,1
捌柳,白色的贵鬼,1
探草兵线理智冷静活着,AKA阴间大法师,1
接住我的小Yu滴,c767,1
搂着星星等月亮,Diarhyeon_,1
摇光不是破军星,快乐笨蛋-秦大壮,1
改名字是下一次,打开新世界QAQ,1
改名才六个硬币,猫剩可爱且帅,1
攻的啃爷,不是帅哥又如何,1
放飞林有鸡-,桀骜千夜,1
故忆如殇,木木牙叨叨,1
教皇本皇啦,无敌小卢lll,1
散宝我的心头好,凌零-kk,1
敬畏岁月,何为城,1
敬畏岁月,这是个6币的昵称,1
数月亮的喵,来治singsing的李,1
敲敲小芒果,打嗝界扛把子,1
整点电子榨菜,接住我的小Yu滴,1
文艺的液喵籽,再无阿穆尔之名,1
文艺的液喵籽,坚持和所有人好好说话,1
文艺的液喵籽,残魂断前尘,1
斋謬歌Pandragon,相思成斑驳,1
斑大人的卧蚕,吴彦祖3658,1
新-岄,Lufroloc_,1
新-岄,小布丁king,1
无上自在门,我红中怎么会骗你,1
无力康复师,猫剩可爱且帅,1
无名之风风风风,揽佬SKAllSYOURGOD,1
无名小丑ruler,䒴榆子,1
无名小丑ruler,木木牙叨叨,1
无懈四圣兽,兰心莳青竹,1
无数只金鱼,小R三寶媽,1
无数只金鱼,菇子怪,1
无核有芯,不知名花童,1
无核有芯,嘴巴不止吃饭,1
无氵厓风,Jreenyi,1
无氵厓风,曼希斯学派,1
无氵厓风,猫剩可爱且帅,1
无炊浅,小月河桥,1
无聊到呵呵哒,八月份的枸杞,1
无言以对期,O稻V稻O,1
既韶,狡啮慎也_,1
日之初月,是小小呆呆呆,1
日日洛洛,碧光兔,1
日暖与心安,爱爱爱夜_,1
旭宝旭宝大旭宝,AAA大发,1
时凛小七,碧光兔,1
明天一定吃烤串,不知名花童,1
明日詩,熹熹熹熹熹贵妃,1
明月似当时,长岛滚水,1
明月皎皎_,miki领便当,1
明炽_,不知名花童,1
星尘韩,日日洛洛,1
星巴克倒瑞幸杯里喝,木木牙叨叨,1
星显漫游者,不知名花童,1
星瑶韵MTF,AAA大发,1
星瑶韵MTF,Ceeeeeeyan在努力了,1
星耀里,长岛滚水,1
春归槐,ReidomY,1
春日负暄暄暄,不知名花童,1
是December没错,好想变成火柴人,1
是winwin鸭,亚历山德丽娜,1
是但取一个,多乐DOLLAR_,1
是元气小太阳,宋队的林法1,1
是八君呀,亦宛叶,1
是吕彤彤哦,山河陨,1
是唔,miki领便当,1
是啊喂吖,不知名花童,1
是啊阿宏,木木牙叨叨,1
是小迷糊蛋儿,千袖夫人,1
是庸人95,打嗝界扛把子,2
是派大星嫩,不知名花童,1
是糖崽呐,千银樱雪,1
是老寒啊,䒴榆子,1
昵称合法但已存在,艾尔米塔什-,1
昵称是用来做什么的-,江山远野,1
時痕制光厂,菇子怪,1
晗晗是最棒哒,接住我的小Yu滴,1
晚棠流霜,菇子怪,1
晚风吻尽荷花叶yeah,咕噜咕嘟花茶酱,1
普通市民的普通杂烩,䒴榆子,1
普通无趣没意思,我向蔚蓝,1
智障觞,猫剩可爱且帅,1
暞珥-,天才小鱼干,1
暮云合璧-,楼秋月,1
暮迟云_chiyun,江山远野,1
曼希斯学派,就要我遛,2
曼希斯学派,白色的贵鬼,1
最喜欢小八和悠米啦,打嗝界扛把子,1
最爱裹卷,妘燚灼,1
最闪星芒Astral,不知名花童,1
月与草,不知名花童,1
月亮与熊与桃子汽水,烹饪大师周文王,1
月亮列车xx,兜里没有手,1
月夜酒-,多乐DOLLAR_,1
月眀,不修善果只爱点火,2
有个狐字,楼秋月,1
有事先喝水,打嗝界扛把子,1
有狐绥绥之,bili_48364288435,1
有顶天のお嬢ちゃん,三千一百九十四,1
有顶天のお嬢ちゃん,长歌怀木樨,1
木柄丙,桀骜千夜,1
木江一,更生半梨,1
木白人王,我讨厌这样的土豆,1
未槿_守,路过评论区的假面骑士,1
本凉就是本凉,爱摆烂的小小怪,1
本喵大人No1,木木牙叨叨,1
本喵大人No1,菇子怪,2
本心影视,兰心莳青竹,1
本心影视,苟叠快给我出闪,1
杀猪能手5,Elulindo-,1
杂食酱面,今子欲以子之,1
李23456789,不知名花童,1
李一斤前来报到,不知名花童,1
李二炸香芋,不知名花童,1
李杨上,䒴榆子,1
李西渝,木木牙叨叨,1
杜鲁克,长岛滚水,1
来一包薯条,不知名花童,1
来吃樱桃吧,青玫竹玖,1
来治singsing的李,一大碗西翻,1
来治singsing的李,小橘猫爱吃堂,1
来碗酱汁豚骨拉面,AKA阴间大法师,1
杨三生i,多乐DOLLAR_,1
杨芊礼,拂朱雪,1
松山丹阳,菇子怪,1
板栗焦了,呆阿政ll,1
板栗焦了,宝儿倍,1
枀song,康不是坎,1
极忧,kawaiharuki,1
极禹小可,天才小鱼干,1
林揪揪,乱码泛滥,1
果果Kn,江山远野,1
枫叶刀,这是个6币的昵称,1
枫叶待秋,゚白井黑子,1
枫叶待秋,䒴榆子,1
枫景红雁,纳西妲只爱我,1
柏SH,Unknown56,1
某不知名暴躁老姐,AhriMID,1
柑橘味Cookie,赵承乾_,1
柒冉ゞ,Jreenyi,1
柚子BIACK,乱码泛滥,1
柚子BIACK,天才小鱼干,1
柚子BIACK,菇子怪,1
柠檬蓝泡泡,大包细鱼,1
柳叶lly,与Charlie热恋中,1
柳风飞雪,亚历山德丽娜,1
栀心雪落,azreal6518,1
栀心雪落,你做甚去了,1
栀心雪落,叶翎piume,1
栀心雪落,就要我遛,1
栀心雪落,抹茶星冰乐-123,1
栀心雪落,烹饪大师周文王,1
栀心雪落,紫雨寒冰易水尘,1
栀心雪落,翼谷,1
栀心雪落,账号已注销,5
栎晨曦,不知名花童,1
树下青羽,打嗝界扛把子,1
校长主任豆沙了,猫剩可爱且帅,1
格拉长大,1个个个个,1
格拉长大,熄灭最后的光,1
桂圆今天一定能抢到票,圣鞠斯特效药,1
桃木南栀,菇子怪,1
桃花酒熟,马猴烧酒琉璃璃,1
桜月儿,狡啮慎也_,1
梅有猫饼,木木牙叨叨,1
梦kimis,接住我的小Yu滴,1
梦想是周末双休,猫剩可爱且帅,1
梦经年-过千帆,䒴榆子,1
棠松艿,不知名花童,2
森林之路lu,灰常苹乐,1
楚貓猫v5,不是帅哥又如何,1
楼台醉酒影入池,这是个6币的昵称,1
楼秋月,木木牙叨叨,1
榆木瑜吖,天才小鱼干,1
樱木千代,不知名花童,1
樱满特朗,UnoNeko,1
橘子好好好吃a,雪碧のXUEBILILI,1
橘彩哦啊啊,细品人生之味,1
橙子与CC奶茶,木木牙叨叨,1
橙宝zc,接住我的小Yu滴,1
檐流冻,梯子下的黑猫,1
欠抽抽的猪,青青草原最后一只咩,1
欢雨nice,不知名花童,1
欧耶lalala,不知名花童,1
歌剑踏天下,多乐DOLLAR_,1
正义虽晚但到,接住我的小Yu滴,1
正能量阿虫,路过评论区的假面骑士,1
此处有狮,无敌小卢lll,1
步入幻想世界,艾尔米塔什-,1
武皇帝_曹操,不知名花童,1
死之修罗,亚历山德丽娜,1
残魂断前尘,ぅぅじば,1
残魂断前尘,接住我的小Yu滴,1
残魂断前尘,独立的鸽子,1
每天努力变欧的苏某人,布兰特不想睡大街,1
每天都想摸鱼捏,催落1,1
比例子,少数一粒pie,1
比莉咔嗒咔嗒,古德池,1
水壶装尿呲谁谁叫_,䒴榆子,1
水蜜桃史莱姆qwer,认知障,1
永生毁灭,1个个个个,1
永青一页_极式,宋队的林法1,1
汉广十七_,bili_699940942,1
汉广十七_,小夜宇w,1
汉广十七_,牛哈切夫,1
江山远野,bili_48364288435,1
江山远野,账号已注销,1
江山远野,邪恶炸蟑螂,2
江山远野,阿波罗10号,1
江知暖,不知名花童,1
江锦瑶,打嗝界扛把子,1
江露露TAT,艾尔米塔什-,1
江飞燕姐姐,Oldseventeen,1
江鸟JL,小章鱼重度依赖,1
沈丧西,wyh200041,1
沈小宁er,叫我阿茶呀,1
沈小宁er,木木牙叨叨,1
沉二爷,半个技术宅,1
沉默的关同学,小惠不想上幼儿园,1
沐子又重复了,R语言哲学,2
沐沫mu,䒴榆子,1
没油鸭梨,曼希斯学派,1
沧澜旖梦,我红中怎么会骗你,2
法国孤独感和你,无敌小卢lll,1
法尼尼-,菇子怪,1
泛红九州,䒴榆子,1
泠颜颜颜,Lufroloc_,1
泠颜颜颜,泽-小-北,1
泠颜颜颜,知识里手,1
泥荷爱咕咕,接住我的小Yu滴,1
泯然无迹,微辣孜然烤土豆,1
泽-小-北,Lufroloc_,1
泽-小-北,shushu103,1
泽心彦士,斤几重,1
派_希羽,不知名花童,1
派一一蒙,海绵宝宝的领带,1
派诺_,吴彦祖3658,1
流小奇4,兰心莳青竹,1
流浪的孤独猫,䒴榆子,1
流浪行星P,木木牙叨叨,1
浅浅浅黛_是一只瞳瞳,妮白子,1
浅浅浅黛_是一只瞳瞳,相遇即是缘丿,1
浅辞丷,莲子_啊,1
浪漫的栖居在大地上,䒴榆子,1
浪漫的栖居在大地上,乱码泛滥,1
浪漫的栖居在大地上,细品人生之味,1
浮生-流光之歌,木木牙叨叨,5
浮生若梦的v,这是个6币的昵称,1
浴巾姐姐世界第一,打嗝界扛把子,1
海上牧羊,天才小鱼干,1
海得是栗,立秋子--,1
海绵宝宝的领带,长岛滚水,1
海雾里的眼睛,3明月松间照3,1
海雾里的眼睛,理想主义战士永不屈服,1
涟漪入梦,不知名花童,1
淋漓HFUT,木木牙叨叨,1
淋漓HFUT,菇子怪,1
深入色中终悟道,天才小鱼干,1
深海_克莱因,世纪陈世美,1
深海倒悬,打嗝界扛把子,1
清北2号种子选手,小乖鬼,1
清团团团团,攀桂街苏大雷同志,1
清清卿岚,想嘎的心反反复复555,1
清溪的小厨房,菇子怪,1
清澈如墨,䒴榆子,1
清野圆,菇子怪,1
温水煮呱呱x,以德斧人呀,1
游手好闲的二周大人,互粉区区长,1
溯源君,打嗝界扛把子,1
滋滋的奶酪,咕噜咕嘟花茶酱,1
滋滋的奶酪,碧光兔,1
满冰全糖去芋圆,不知名花童,1
满月rrr,不知名花童,1
滴滴咚咚小圆帽,Lufroloc_,1
漂浮于金鱼缸,bili_52214865588,2
漂浮于金鱼缸,肖大侠ll,2
漠染暄,账号已注销,1
漫步在太空中,菇子怪,1
漫长的玩笑话,猫剩可爱且帅,1
潘达潘panda,菇子怪,1
澜修_,哈哈哈哈-_-哈,1
灯昼lll,不知名花童,1
灵魂深处的长颈鹿,塔拉哈西的雨落在冰岛,2
炎炎0071,木木牙叨叨,1
烈阳疾雨,惹我就当你推梦女哦,1
烛火摇曳下的影子,切个桔子,1
烟疏野,天才小鱼干,1
烤碳料理,接住我的小Yu滴,1
热爱修仙的咸鱼啦啦啦,菇子怪,1
烹饪大师周文王,鴉與赤い帽,1
焦迷妹,残魂断前尘,1
然染T_T,䒴榆子,1
然而我不料,bili_48364288435,1
煎饺放浪形骸版,立秋子--,1
煎饼果子不卷了行吧,木木牙叨叨,1
熄灭最后的光,格拉长大,1
熊凡子QAQ,这是个6币的昵称,1
熊猫趣行,䒴榆子,1
熠熠厌,Markoding,1
爆破鬼才吉卤蛋,MicroJocelyn小乔乔,1
爱吃小猫鱼干,蹦跶蹦蹦跶,1
爱吃米的晨初,絮洛想睡觉,1
爱吃西瓜的刮,bili_48364288435,1
爱吃香的令狐奥雅,不知名花童,1
爱咬人的小边牧,不知名花童,1
爱喝橙汁的温迪,菇子怪,1
爱塔罗爱水晶的凌,曼希斯学派,1
爱摆烂的小小怪,蜜汁藕,1
爱爱爱夜_,如果她慾吻,1
爱画画的悠然ovo,乱码泛滥,1
爱的红黑围巾,ぅぅじば,1
爱的红黑围巾,天阙琳琅,1
爱的红黑围巾,白色的贵鬼,1
爱笑不笑猫,AAA大发,1
爱草莓的咩咩,猫剩可爱且帅,1
爱露关子,bili_48364288435,1
爵士队球员霍顿塔克,亚历山德丽娜,1
牛奶不牛1,我是白原,1
牡蛎说是,不知名花童,1
狐狸子君,认知障,1
狗狗把猫猫拐回我家,芸草飘吖飘,1
狡啮慎也_,䒴榆子,1
独--孤--求--败,璃猫_ye,1
狸花淼,乱码泛滥,1
猪猪建厚Aciel,Jreenyi,1
猪猪建厚Aciel,在下沈娇娇,1
猪聪明呀QAQ,喜乐昌吉,1
猪聪明呀QAQ,小月河桥,1
猫剩可爱且帅,开高达去你家,1
猫剩可爱且帅,无氵厓风,1
猫咪的心上人,木木牙叨叨,1
猫月狸,䒴榆子,1
猫耳满昏,小懒和花栗鼠,1
王良帝,天才小鱼干,1
玖万里风鹏不举,忧从中来皆为君,1
玖玖琥朵朵,菇子怪,1
玫瑰花与满天星,不知名花童,1
现在喜欢紫色,Oldseventeen,1
现在喜欢紫色,中国可控核聚变成精了,1
现在喜欢紫色,更生半梨,1
现在喜欢紫色,温尼伯在打字机,1
现在喜欢紫色,烈阳疾雨,1
现在喜欢紫色,账号已注销,1
玹婍,楼秋月,1
珂珂养可可,大WANG_DZC,1
理想主义战士永不屈服,keidisodk,1
理想你今年多大了,佩觿酱,1
理想你今年多大了,小口喝热水,1
理想你今年多大了,有顶天のお嬢ちゃん,1
理想你今年多大了,饼干饼干饼干饼干饼,1
琼华小师妹,白色的贵鬼,1
瑕孩瞎害,MicroJocelyn小乔乔,1
瑶到外婆桥惹,不知名花童,1
瑶台种,䒴榆子,1
瑷嚣不站新柯,马猴烧酒琉璃璃,1
甜菓果,猫剩可爱且帅,1
生于平凡的人,Lily_526,1
用户己销注,雪莱的纸船,1
由游ni,账号已注销,1
电车省油不省钱,枫叶刀,1
电车省油不省钱,维她命时代,1
画画超超,乱码泛滥,1
略知一二的同学,Lufroloc_,1
略知一二的同学,Ql潘潘,2
略知一二的同学,UnoNeko,1
略知一二的同学,兰心莳青竹,1
略知一二的同学,小懒爱恰米,1
略知一二的同学,无敌小卢lll,1
略知一二的同学,练习基本功,1
略知一二的同学,维她命时代,1
略知一二的同学,蛋挞给我留一口,2
略知一二的同学,螃蟹脆桃酥,1
略知一二的同学,长岛滚水,1
疯狂的枫叶,菇子怪,1
疯狂的迈克斯,猫剩可爱且帅,1
痛击俺队友,AKA阴间大法师,1
白天不睡夜晚不起,II-Brado,1
白尘墨夜,起昵称想破头太中二了,1
白新羽在线呼叫俞风城,这是个6币的昵称,1
白木木的椰子号,天才小鱼干,1
白桃泡芙w,奔跑的Xpotato,1
白椛雪,塑料叉FOKU,1
白楚洛_,碧光兔,1
白泽314,Unknown56,1
白泽314,睡觉的鹦鹉,1
白泽314,薄荷_serendipity,3
白泽314,账号已注销,2
白泽314,遇锕遇,2
白泽314,雨一静月云,1
白玲金,JORDIN-BD,1
白色的贵鬼,Lily_526,1
白色的贵鬼,曼希斯学派,2
白色的贵鬼,钱花不出去先存我这,2
白色的贵鬼,非烟清尘,2
白苍em,木木牙叨叨,1
白雾红尘少冰无糖,乱码泛滥,1
百里的浮生,乱码泛滥,1
相思成斑驳,凌风丨丶丶,1
相月石榴,乱码泛滥,1
相遇即是缘丿,浅浅浅黛_是一只瞳瞳,1
看了又不会怀孕,碧光兔,1
看见你爱上了,长岛滚水,1
真实又可爱的蛋糕,阿波罗10号,1
真是太怪了,忧从中来皆为君,1
真熠熠生辉,不知名花童,1
真理的化身,至以无瑕之人_,2
真的取不出名字服了,碧光兔,1
眰恦取经路,不知名花童,1
眼藏星河笑清风,八月份的枸杞,1
督尔,亦宛叶,2
矜玖不玖,凛又双叒叕狂暴辣,1
知易-行难-,乱码泛滥,1
知识里手,账号已注销,1
砂糖橘可乐,JORDIN-BD,1
破名浪费我6硬币,女只认豪车彩礼钱,1
破罐1,猫剩可爱且帅,1
确实是木桸,不知名花童,1
碎屿,半个技术宅,2
碧光兔,SS-ER,1
祝肖战早日翻身糊两面,飞天老虎钳pro,1
神奇珠子,爱爱爱夜_,1
神奇珠子,襼,1
神奇茶乐,天才小鱼干,1
神猫罗尼休,细品人生之味,1
禁你_,打嗝界扛把子,1
福图纳,斤几重,1
福建陈昱榕,飞天老虎钳pro,1
福记面包店,l猫南北i,1
离弃爱吃盖饭,布兰特不想睡大街,1
离悠y0m,千袖夫人,1
私は旅行に来た,䒴榆子,1
秋临夜雨summer,海绵宝宝的领带,1
秋刀鱼和猫专家,凛又双叒叕狂暴辣,1
秘剑ジ葬缘,JanepBirdhouse,1
稚嫩的歌白,Oldseventeen,1
穆瑢,1_30-48,4
穆辞y,䒴榆子,1
穿越时卡在了二次元,站一边守护兽,1
立秋子--,凌风丨丶丶,1
站一边守护兽,木木牙叨叨,1
竞㝵,LOVWVWVE,1
端言雪,玖万里风鹏不举,1
竹土匀竹土匀,故人里归,1
竹竹ally,菇子怪,1
笑果仔,残冬未尽-,1
笑笑，你好可爱,木木牙叨叨,1
笔记笔记毕,拂朱雪,1
笠_箢,半个技术宅,1
笠_箢,周瑜大嘟嘟-,1
笠_箢,姓申属猴,1
笠_箢,接住我的小Yu滴,1
笨鸟乱飞9,碧光兔,1
第十二号香槟,不知名花童,1
等姗姗来迟花已开,古德池,1
筱攸iiii,不知名花童,1
箬霖rl,justasweetsleep,1
米呆呆小,猫剩可爱且帅,1
米山茶花,天蛾人尤厄-奥格助教,1
粉墨爱U娜,咕噜咕嘟花茶酱,1
粒子无处不在,猫剩可爱且帅,1
糊涂大姑娘,亚历山德丽娜,1
糖喵团子,接住我的小Yu滴,1
糖水_-,不知名花童,1
糖洛喵,不知名花童,1
糯夫夫,Z-Yanner-O,1
紫色百合宇,猫剩可爱且帅,1
紫色百合宇,细品人生之味,1
紫芸沫沫,Lufroloc_,1
紫菀とあずさの日常,䒴榆子,1
紫轩一直都在,这是个6币的昵称,1
紫雨寒冰易水尘,多乐DOLLAR_,1
紫雨寒冰易水尘,宋队的林法1,1
給蛙島披袈裟,DQD洛洺,1
給蛙島披袈裟,再快一点等不急了,1
絮絮叨叨的绵羊,碧光兔,1
繁樱散去,打嗝界扛把子,1
红夜微光,木木牙叨叨,2
红温的澜澜,细品人生之味,1
红笺未寄小本川,兰心莳青竹,1
红糖黑椒,II-Brado,2
红酒三杯,不知名花童,1
红魔馆妹抖,一点多点亿点,1
纪和Ludwig,拜托我可是懒大王,1
纳西妲只爱我,菇子怪,1
纳西妲只爱我,阿阿阿阿宋233,1
练习基本功,兰心莳青竹,1
终忘南沐,账号已注销,1
绒茸_少女养成版,姓申属猴,1
结阪城_奈,䒴榆子,1
给我来点酱油,咕噜咕嘟花茶酱,1
绞尽脑汁不吃米饭,是遇安呐,1
绯色鱼骨头,无敌小卢lll,1
维克喵喵兹,是糖崽呐,1
维她命时代,乱码泛滥,1
维她命时代,无敌小卢lll,1
绿川夜玖,账号已注销,1
绿明风,AAA海利亞女神激推,1
绿明风,喻温白,1
绿色幸运猫,夏目的喵老师,1
绿色青蛙跳起大叫,阿波罗10号,1
缘Echo,不知名花童,1
网易应声虫手游,千袖夫人,1
羅輯logic,世纪陈世美,4
羅輯logic,艾尔米塔什-,1
美雪qqq,我的爱溢出就像雨水i,1
羡羡世界第一甜,菇子怪,1
群山之巅再相见-,紫花大闺女,1
羽唸,猫剩可爱且帅,1
羽本梧笙,天才小鱼干,1
翠翠在不在,乱码泛滥,1
翼谷,ぅぅじば,1
翼谷,一艘小红船,1
翼谷,栀心雪落,1
翼问天,这是个6币的昵称,1
老大的妈妈,猫剩可爱且帅,1
老子全身都是铁,菇子怪,1
耳尖白粉小绒狐,䒴榆子,1
肆方yume,猫剩可爱且帅,1
肇庆医学院,猫剩可爱且帅,1
肖大侠ll,漂浮于金鱼缸,1
肖大侠ll,被苦痛淹没的夏,1
肖颖果,阿尼亚芝士,1
肚肚㕛打雷了,这是个6币的昵称,1
肥嘟嘟童童,世纪陈世美,1
胡萝卜的天空,路过评论区的假面骑士,1
胶卷卷卷,菇子怪,1
能当饭吃嘛你说-,细品人生之味,1
脆皮肉夹馍_,接住我的小Yu滴,1
脾气很好-儒雅随和,长岛滚水,1
腐之森,一点多点亿点,1
自甚远方,会顺利的啦,1
自远流年Z,海绵宝宝的领带,1
致死性泡泡,猫剩可爱且帅,1
舒卷爱学习,咕噜咕嘟花茶酱,1
良月仲卿,陆木森森,1
艾尔米塔什-,步入幻想世界,1
艾尔米塔什-,账号已注销,1
艾瑞达双鱼,MicroJocelyn小乔乔,1
芊蓉飞,雪落时分记起我,1
芋头不爱香芋爱,路过评论区的假面骑士,1
芋艿芋艿芋,猫剩可爱且帅,1
芋艿芋艿芋,这是个6币的昵称,1
芙蓉五代加爆珠,不知名花童,1
芙蓉秦王,不知名花童,1
芝士dog,天才小鱼干,1
芝麻糊汤泡饭,不知名花童,1
芥末卷兒,兰心莳青竹,1
花小骨司藤本藤,MicroJocelyn小乔乔,1
花折镜里,Oldseventeen,1
花花Kikyo,你几几年年的,1
苍术可入药,猫剩可爱且帅,1
苍煜cang,不知名花童,1
苏奶布丁,不知名花童,1
苏瓦你别癫了我害怕,Lufroloc_,1
苏瓦你别癫了我害怕,弦歌泠雅,1
苟叠快给我出闪,本心影视,2
若枫清怡,Lily_526,1
苦丁奶咖,MicroJocelyn小乔乔,1
苦力怕猫猫,什么时候ccb,1
苯二氮卓抗惊厥,小乖鬼,1
苹果淦,格拉长大,1
茭白菱,猫剩可爱且帅,1
茶糕配茶,镜毓,1
草·草,猫剩可爱且帅,1
草生者,带围脖的小熊猫,1
草莓啵馅4,菇子怪,1
荒野大菠萝丶Ro,木木牙叨叨,1
莣丶缼,霜炎工作室,1
莫辰烟雨,多乐DOLLAR_,1
莫辰烟雨,飞天老虎钳pro,2
莫里斯先生,忧从中来皆为君,1
莱几,露娜蒂可,1
莲子_啊,这是个6币的昵称,1
获取救赎,真的取不出名字服了,1
菁华_日常失踪人口,清辉月凝寒霜夜,1
菇子怪,谁取的烂名字,1
菜太咸格勒,MicroJocelyn小乔乔,1
菜鸟至尊JY,接住我的小Yu滴,1
菠萝橙儿,猫剩可爱且帅,1
菲赫特,JORDIN-BD,1
萘茶Nacyo不是奶茶_,木木牙叨叨,1
萧澜儿,咕噜咕嘟花茶酱,1
萧索危路梦犹香,绅士死于激萌,1
萧美琴,菇子怪,1
萨申卡_zayats,郁离丷,1
萬䏻籴窩,乱码泛滥,1
落珠如玉,弦歌泠雅,1
葉茵Leaf,呆阿政ll,1
葡萄过包装巧克力,Oldseventeen,1
葡萄过包装巧克力,让月球撞地球,1
蒸汽岛isle,不知名花童,1
蒹葭青棠,MicroJocelyn小乔乔,1
蓝の蓝,深海倒悬,1
蓝图拉特,兰心莳青竹,1
蓝桥川影,穆卿龄Gilw,1
蓝沫zzz,布兰特不想睡大街,1
蓝装雪碧,陆木森森,1
蔡开摆,䒴榆子,1
薄荷_serendipity,白泽314,3
薅秃人虎小脑瓜,妮白子,1
薇薇花开花又落,长岛滚水,1
藝術家迪达拉,白泽314,1
蛋蛋帅比,JORDIN-BD,1
蛮荒巨斧哥布林,lchili2014,1
蜂巢饼,M丶御坂美琴,1
蜂蜜熊睡着了,碧光兔,1
蜘蛛侦探OxO,木木牙叨叨,1
蜘蛛侦探OxO,粉笔彩虹,1
蜜柑橙星,宋队的林法1,1
蝶恋花凳子,不知名花童,1
螃蟹脆桃酥,无敌小卢lll,1
蟹头罐子,百分之百可靠,1
蠧鱼爾,AKA阴间大法师,1
血龙未歧,今子欲以子之,1
行医_4050,赵承乾_,1
补天之石,i是宝藏晶呀,1
被熟人发现只能换id,井盖百分号,1
被苦痛淹没的夏,肖大侠ll,1
襼,如果她慾吻,4
襼,孤光不再,1
襼,神奇珠子,1
西喵,木木牙叨叨,1
西瓜老舅,布兰特不想睡大街,1
西红柿鸡蛋面l,猫剩可爱且帅,1
视野所及皆华夏,木木牙叨叨,1
觿臨,小月河桥,1
記憶丶无象星星,不知名花童,1
請與廢柴的我,小布丁king,1
计生莲,䒴榆子,1
讨厌模仿者的那个愚人,长歌怀木樨,1
该昵称已存在204,拂朱雪,1
语语语i,Diarhyeon_,1
请世界停止运转,碧光兔,1
读书解放全人类,黄连味水果糖,3
谁取的烂名字,菇子怪,2
谢奉尘,这是个6币的昵称,1
貌美亡夫周防尊,打嗝界扛把子,1
账号已注销,-龙行龘龘,1
账号已注销,1个个个个,1
账号已注销,3明月松间照3,1
账号已注销,Ceeeeeeyan在努力了,1
账号已注销,Jreenyi,2
账号已注销,Lily_526,1
账号已注销,Lufroloc_,2
账号已注销,MicroJocelyn小乔乔,2
账号已注销,Unknown56,1
账号已注销,hmlp-,2
账号已注销,䒴榆子,4
账号已注销,三月彌生,1
账号已注销,不吃香菜-考研0854版,1
账号已注销,不知名花童,2
账号已注销,不非糖再不氪金,1
账号已注销,世纪陈世美,2
账号已注销,丶丶一念,1
账号已注销,乱码泛滥,1
账号已注销,人生的山丘,1
账号已注销,其实不吃糖,1
账号已注销,冒险小仙女,1
账号已注销,凌风丨丶丶,1
账号已注销,吹箫江南耀,1
账号已注销,喵喵喵喵喵喵喵喵sy,1
账号已注销,带围脖的小熊猫,1
账号已注销,我有恋蛇癖,1
账号已注销,栀心雪落,15
账号已注销,步入幻想世界,1
账号已注销,江山远野,2
账号已注销,狡啮慎也_,1
账号已注销,狼叔叔爱你的,1
账号已注销,猫剩可爱且帅,3
账号已注销,玖玖琥朵朵,1
账号已注销,白泽314,1
账号已注销,白色的贵鬼,1
账号已注销,粉笔彩虹,1
账号已注销,紫色百合宇,1
账号已注销,艾尔米塔什-,2
账号已注销,菇子怪,2
账号已注销,超级大西瓜2333,1
账号已注销,这是个6币的昵称,1
账号已注销,长岛滚水,2
账号已注销,长歌怀木樨,1
账号已注销,霜炎工作室,1
账号已注销,鴉與赤い帽,1
赐给我一只小狗吧,世纪陈世美,1
赤无悬,Lily_526,1
赤无悬,迟茉子,1
赤苇京治あかあし,咕噜咕嘟花茶酱,1
起名ok费劲ok,Jreenyi,1
起名好难10101,偷偷干坏事儿,1
起名字就难,鴉與赤い帽,1
起名真的很麻烦鸭,圣鞠斯特效药,2
起昵称想破头太中二了,乱码泛滥,1
超级大西瓜2333,哈哈哈哈-_-哈,1
超级宇宙霹雳大喇叭,世纪陈世美,1
超超将,不知名花童,1
越过天秤座,不知名花童,1
跑火车界首席童工,不知名花童,1
跳闸天下,猫剩可爱且帅,1
踩烂全世界香菜-,烹饪大师周文王,1
蹦跶蹦蹦跶,恩恩嗯你说的对,1
身为一个辣妹,细品人生之味,1
车间子,大WANG_DZC,1
轻雨梵音,打嗝界扛把子,2
输入昵称感觉很傻,长歌怀木樨,1
边白熙女神2333,望勿忘,1
边缘芷,不知名花童,1
边角料狗狗,AhriMID,1
边角料狗狗,半个技术宅,3
还想看见你率真的泪水,乱码泛滥,1
还菜还爱学,白色的贵鬼,1
这位是主人级别,多乐DOLLAR_,1
这是个6币的昵称,1个个个个,1
这是个6币的昵称,AAA大发,1
这是个6币的昵称,大唐太宗文皇帝-,1
这是个6币的昵称,奶奶奶奶兔,1
这是个6币的昵称,芋艿芋艿芋,1
这昵称下辈子再取,凌风丨丶丶,1
连溪影,梦姐的旧裤子,1
迟茉子,天才小鱼干,1
迟茉子,赤无悬,1
迷鹿yysj,Andrea_larosa,2
逃课的呱呱,不知名花童,1
逍遥de梦想,不知名花童,1
逍遥进之,不知名花童,1
速叠杯滴滴吧,天才小鱼干,1
遇锕遇,世纪陈世美,1
遇锕遇,白泽314,1
遨鱼,无敌小卢lll,1
那咋了跟你有关系吗,眼藏星河笑清风,1
邪恶炸蟑螂,江山远野,3
都怪你们把好名字占了,sasx-,1
醉卧沙场-君莫笑,包子皮皮a,1
醋UGGU,xialei_026,1
释千丶,斤几重,1
野人の新之助,打嗝界扛把子,1
金属耗子,TNT鼠,1
金属耗子,小破坏,1
金属耗子,艾瑞达双鱼,1
金枪鱼19,木木牙叨叨,1
金琉希,小乖鬼,1
鎏雾,亚历山德丽娜,1
鏖战内存的旅拓长,我红中怎么会骗你,1
钢铁阿撸撸,雪莱的纸船,1
钱花不出去先存我这,白色的贵鬼,1
铁幕套嘴_,不知名花童,1
铃木琴风,請與廢柴的我,1
银河星球-蛋挞,一个又帅又有钱的家伙,1
锦鲤_太太,咕噜咕嘟花茶酱,1
镜毓,Lufroloc_,1
镜毓,茶糕配茶,1
长了腿的白年糕,猫剩可爱且帅,1
长岛滚水,尼罗河边的前辈,1
长歌怀木樨,c767,1
长歌怀木樨,猫剩可爱且帅,1
闭嘴吧您嘞,小月河桥,1
问鹿约,䒴榆子,1
闰猹刺土qaq,打嗝界扛把子,1
阳佟星阳,Lufroloc_,1
阳夏みんふ,䒴榆子,1
阿哈每天都开心,Lufroloc_,1
阿嘁iiii_,当之无愧的车夫之王,1
阿尼亚芝士,肖颖果,1
阿帽生日快乐,咕噜咕噜的碳烧煤球,1
阿帽生日快乐,紫花大闺女,1
阿弥诺斯星人卡瑞巴拉,路过评论区的假面骑士,1
阿心心心昕,猫剩可爱且帅,1
阿曼该做羹汤啦,平地摔倒不摔心,1
阿曼该做羹汤啦,鹇羽,1
阿杏杏呐,灼灼红星,1
阿水变身,深海倒悬,1
阿波罗10号,Lily_526,1
阿波罗10号,Lufroloc_,1
阿波罗10号,䒴榆子,1
阿波罗10号,乱码泛滥,1
阿波罗10号,天才小鱼干,1
阿波罗10号,江山远野,2
阿波罗10号,菇子怪,1
阿波罗10号,账号已注销,1
阿漁akb,乱码泛滥,1
阿热啦啦,细品人生之味,1
阿秋子,致死性泡泡,1
陆木森森,䒴榆子,1
陆木森森,接住我的小Yu滴,1
陆木森森,良月仲卿,1
陈阳bby,非同质化人类NFP,1
陌然MajorC,忧从中来皆为君,1
陌然MajorC,这是个6币的昵称,1
陵靖,打嗝界扛把子,1
陵靖,无敌小卢lll,1
陵靖,碧光兔,1
雨过迷踪,不知名花童,1
雪碧のXUEBILILI,接住我的小Yu滴,1
雪莱的纸船,我红中怎么会骗你,1
雪落星沉7QAQ7,玖万里风鹏不举,1
零-二幺二五九,啊阿阿吖,1
雾行try,三千一百九十四,1
霖雨寂,wyh200041,1
霖霖兔yy_,一个毛绒绒的大毛团,1
霜炎工作室,MicroJocelyn小乔乔,1
霜炎工作室,ぅぅじば,1
霜炎工作室,多乐DOLLAR_,1
霜炎工作室,木木牙叨叨,1
霜糖糯米团子,䒴榆子,1
霝蛇莼夕,打嗝界扛把子,1
霨寅,碧光兔,1
霭霭涧间雾,小夜宇w,1
霭霭涧间雾,马猴烧酒琉璃璃,1
露娜蒂可,莱几,1
露水上的姻缘,我红中怎么会骗你,1
露门神父,绿叶还青,1
霸道帅t登场,不知名花童,1
青云林,逆转的零点一,1
青柠味绿茶丶,小玛蕤呀,1
青柠味绿茶丶,醋UGGU,1
青玫竹玖,猫剩可爱且帅,1
青空青雨,1个个个个,1
青空青雨,MLpai,1
青花瓷的瓷哦,白泽314,1
青鑫窒,天才小鱼干,1
青青籽金,䒴榆子,1
靖羽于征,ReidomY,1
非洲酋长国首领,不知名花童,1
非烟清尘,白色的贵鬼,2
靡子鱼头呀,菇子怪,1
面包边边酱,不知名花童,1
顾一壶,不知名花童,1
顾以泽然,多乐DOLLAR_,1
顾咕咕饿饿饿,不知名花童,1
顾小粥い,天蛾人尤厄-奥格助教,1
顾小粥い,账号已注销,1
颐愚,䒴榆子,1
颜值是稀缺资源,不知名花童,1
风与晴you,不知名花童,1
风中月三尺,听云的光,1
风动campaign,O稻V稻O,1
风动campaign,风莫101,1
风渡桃花游世间,UnoNeko,1
风起于斯,䒴榆子,1
风隐云归,c767,1
飛行神,圣鞠斯特效药,1
飞天老虎钳pro,接住我的小Yu滴,1
飞天老虎钳pro,莫辰烟雨,1
飞鼠坠机了,环岛的火车又走了几天,1
飯絲児channel_恐游,Miria丶月影,1
饼干饼干饼干饼干饼,接住我的小Yu滴,1
香橙炒竹笋,半个技术宅,3
香草MIynar,bugrom,1
马奶喔,猫剩可爱且帅,2
马猴烧酒琉璃璃,瑷嚣不站新柯,2
验证码0318,做一条快乐的咸鱼,1
验证码0318,木木牙叨叨,1
骑老太太闯关东,艾尔米塔什-,1
骑蜗牛的犬夜叉,Jreenyi,1
鬼鬼喜喜,JORDIN-BD,1
魔法之裤_酱,长岛滚水,1
魔法少女圆酱,木木牙叨叨,1
魔法少女龙玉涛,多乐DOLLAR_,1
魔法少女龙玉涛,我红中怎么会骗你,1
魔瑟纳科,MicroJocelyn小乔乔,1
鱼儿弯,不知名花童,1
鱼在碗里停,不知名花童,1
鲁肃夫人,打嗝界扛把子,1
鲱鱼罐头头是道,木木牙叨叨,1
鴉與赤い帽,世纪陈世美,2
鴉與赤い帽,烹饪大师周文王,1
鴉與赤い帽,起名字就难,1
鹅少丶,什么时候ccb,1
鹿岛Aliar,布兰特不想睡大街,1
黄油咕噜噜噜,心之所向玖,1
黄痰加醋拌米饭,---u----,1
黄连味水果糖,Unknown56,1
黄连味水果糖,读书解放全人类,2
黎元之难,miki领便当,1
黎筱梓,不知名花童,1
黑三角痴汉协会,接住我的小Yu滴,1
黑之麻将,兰心莳青竹,1
黑白3230,狡啮慎也_,1
默拉金卓林,Oldseventeen,1
龙罐罐,小浣熊的尾巴草,1
龙罐罐,烹饪大师周文王,2
