username,GNN_Influence_Score
----Ezreal----,
正片叠底绘画战士,
---JO-JO----,
超级快乐的肥仔,
--丞哥blessme--,
M-V-T,
--千椰椰--,
Strips139,
三添不贱,
--子羽--,
我吃好了-妈咪,
-BeYourself-,
誓约寒,
-IxiciSoA,
崔听筠,
-KU-MA-,
_兔叽果_,
承诺能信麽,
芊九沫,
-Liseen-,
在陆亨克这了,
-MiAoo-,
冰烧冬_,
猪郁桢桑,
-_-小绿-_-,
Luloce,
-joyfun,
降萝伏莉仙帝,
-北徊-,
洁之良品---David,
-可乐鸟-,
花硬币改名啦,
-咩吔-,
厌蠢之人,
-咲羽-,
糸凛凛糸凛,
-哲理的山路十八弯-,
不想学理科的理科生,
-天希,
-小景呀,
_The_God_,
-屰-,
-悲爱-,
克喵可爱捏,
-托腮,
呱唧咕噜噜噜,
-无微-,
薛定谔的狸花咕咕咕,
-月之语-,
一只小虚末,
不会取名啊啊额,
饿火柴,
-枫兰兰-,
大乔617,
-柒城-,
Fiskkkk,
-桃课去看大明猩-,
水族馆的大梨子,
-氧气萌主,
稳重一点啊,
-江雪-,
看那花多美,
-白白白白子,
空城旧梦xzx,
-精氨酸布洛芬-,
35982787195_bili,
-精神丧失-,
普瑞-赛斯_,
阳华与苹果酒的诗文,
-芝士不好椰-,
给你补个蛋蛋鼠,
-薇薇ANN-,
-薜定谔的猫猫,
-超级赛车王-,
泡澡香香的猫,
-辛辰-,
-这是个昵称,
长峰嗑技,
-酸奶不吃鱼__,
识货App,
00568547,
00特工喵,
0117tt,
052NOSORA,
墨语默言,
0li-stay,
0号元素,
月海_Tsugumi,
10000MHz,
茹大宝宝,
11号猫头鹰,
12345678火,
守魂,
1234伪人心,
124687546646,
一枚云朵轻飘飘,
12S7_,
1472615672,
秋古羽,
17th航,
学校你牛逼,
辰溪轩道,
181边学习1边,
MoonBit月兔,
1900_ht,
1a2b257,
Rainman_E,
1逗号3-丁二烯,
名将杀,
1零二六,
星陨之约,
20啷当赖赖唧唧,
2333uuu,
烟雨不稀烟雨稠_,
23500147,
28花火,
cutewp,
2k时期冷冻罗非鱼,
原野绿电位分析,
32207,
原汁儿,
333-shan,
Callme祎一,
bili_61227152083,
macnndcheese,
一向如此真的吗,
喂羊先锋,
奕寯,
忧伤的冬瓜,
焚琴煮鹅,
独矿者-OMPn,
美的空调,
自宅警備員のペンギン,
380556188,
3993,
UNICODE2025,
始皇大弟,
3角公式,
大保底不歪臻菌,
40Cent,
GLALXX,
41朵蓝玫瑰,
卦挂呱,
455876,
曾文的旋律,
4D-Hunter,
4dw7,
SocianZeStof,
52kg斯科特,
皇后区的热心邻居,
662号女战士,
calmdown002,
6funny6,
维焉,
6干锅居,
日匀子,
7712377123,
956马导,
9FdusT,
任归玄,
9i镜流流,
9jllol,
齐市安格斯雪花牛肉,
9丶Yue,
AAA_千目东路跑车维修,
风雨之中任逍遥,
高筱珏,
AAA广陵沉淀王,
AAA虹夏大天使,
AAA香菜批发刘经理,
AA土老帽批发商,
AKseem,
ALM_Loy,
病弱吐血总司酱,
ALTLOVE,
大梦成真,
ATP扔掉了Pi,
AV变BV啦,
A_haw,
A_junjunjun,
只有吃饭的时候不困,
AadamBJ,
picturesqueboat,
Acce2085,
神秘的b站用户123456,
AdinTS,
云淡啊风轻,
Afroc0vTh,
Agriperaon,
Alay666,
你的鱼小摆,
梓故zzz,
Aleph_096,
看到几十块垫脚石,
Alex-A哥爱溜达,
给端午打工,
AlienNess,
Alsen_,
AmericaCEO,
fbi9527_,
Amo_coobee,
马星瞳说,
AnXingH,
Anastasiaying,
Andy-西西弗,
LabMem_No004,
阑荀夕,
Anemoia__,
AnselSamson,
嘉泽胤阳,
AntiTankGun,
Apollocoo,
AppleSeed_nZk,
ApriLLLbiubiu,
Aquila_鹰与夜刃,
森set,
Ar_SXR,
Asonlee,
Ass0ciation,
Athoy,
AyA川尚内库,
Az丶汐寒,
A今晚大老虎,
迷之逊,
BIGbedbed,
BOPI,
orzorz_,
BYune,
B_s11-o,
猫猫吼可爱,
Baibaobao666,
BaoNing233,
Bejng_self,
椰蓉の糯米糍,
Bili-LC,
Bili_196424940,
Briswich,
B站老鸽,
CG_清辞鱼茶,
CHENTONYCAI,
CRIB_,
元气满满的柠柒吖,
Cameliy,
淆小青鱼,
Carlaliiii,
栗子暴打兔子,
Casesing,
Caseywine,
nofish21,
Caspain-,
Celine不熬夜,
Yuuuuuuuji,
CerberToast,
Ch-AY,
沃洛嘉-,
CheNjIaY_1017,
DECO2077,
ChenJia55491,
Chloroventus,
CillianVinci,
Claramente,
熊喵黑曜,
Clike-J,
Co_BH,
Coca_Fanta,
Code.Villkiss,
Columbinax,
ComEonL,
kay1ey,
ComPory,
Come_on_Charles,
月球队长makoto,
Cookie百分百,
一枚鸭梨,
Creve_,
Crow404,
Crystalli1203,
Cuber_二十七,
蓝莓味の小蛋糕,
CyberAgent2077,
CynthiaLx_,
CynthiaYang2002,
DA1R,
DAWMNICK,
DCZDHT,
DJingxxx,
DNA烘焙机,
lili455,
DOIT汐,
DREAM-未来梦,
怪奇界,
DarienYz,
佛系雨莹,
Day_lily,
乌托村夫,
鲨鱼的左膀右臂,
Daylight-567,
Diana逾儿,
Dinstein-,
Do_ro,
Dolores-Sun,
Dosmxjsbnn,
Dr-心骛,
淡い日,
Dswitch,
DumbAI人工智障,
ELF兔兔,
EXIT李,
Earendelux,
Elyite,
Emberblade,
Empreans,
Eric是喜哥,
旗帜工作室,
Eternal-god-1,
Eyepiece-Cat,
FL-风凌_,
香蕉皮の神,
FODEN_11,
F_Fzx,
w显眼包w,
FaNStam,
FaZEのTw1stZz本人,
Februaryfish27,
Fierga伏尔加,
AHPbLIS,
冷心市民小玉,
非法火柴人,
FlippedFlora,
Floraaaa-,
狐_hao,
Floyd_Young,
Fluix,
FreecssX一一,
天王星-乌拉诺斯,
Frjranger,
九月会很热,
FxxxxxxxkOff,
G15AY,
拉拉小飞侠,
GFTV国际兽圈电视_福迪,
是远大兄,
顾景黎,
GNazunaG,
GSA崩,
GTA5Cyberpunk,
摩西菌vvvv,
首席高木厨,
GTI特战干员银翼,
喜欢搞抽象所以单身,
Games接近-虾,
Genesis-1st,
-LostCity-,
GhostiCraft,
疗愈师小u,
Ghost印TheShadows,
Glaxy_Rain,
Gobolka,
Green_Grassland,
Grey_Chariot,
Gz小阿拐,
盼思返,
H-H-H_x,
V7KAcE,
HHH_氢元素,
HRヾ风铃草,
HS_寒霜,
看见小丑直接拉黑,
Hello_Bunny,
Helloroom,
HenryTheory,
HewsonX,
Higgs_Boson,
Hildrun_,
寂寂钟鱼柏满轩_,
HoneyPzz,
HuOkee,
HybirdQwQ,
HyperHare,
漫游者__,
Hyperuns,
Hypothet,
H恩度W,
aiiiipants眠王,
H浩-幻想,
I-桃夭-I,
IIIMiracleJ,
INDUSTRY_BABY,
嘻嘻恩优,
IO单OI,
Ignis_焰,
ImgnDrgn,
Inno_etc,
名字是一首歌,
时过境迁77,
Into_The_Void,
Iris_lyric,
林霞夕阳,
Iris白一,
I正版受害者I,
必中天选的猫猫头,
J4wew,
卜艾卢-狄克,
JENNYCAtty,
栀桦惜缘,
JH4ever,
JHouse_,
JJJJJJJJJJJson,
懒散贤者,
JMZSH,
JUMLICKY,
来点蓝莓慕斯,
JackLu57,
Jaoye,
Jayish,
Jocelyntien,
红石方块Max,
Joey_MAKE,
Johnson9z,
导坏,
Joy_326,
Quanziluuuuu_,
臭画画的弗拉恭,
KAKyoin_cherry,
KEX-Monika,
_white_,
katerrrlhyu,
再往前是远方,
番茄炒蛋冰淇淋,
KatsumiDaido,
Kelzina_95,
KevinSxz,
第11封来信,
Khalil-999,
朱子雀,
Kiley_zh,
Kimix饭团,
Kingishu,
Kiti_Cedar,
透镜星云,
青苔的晴天,
KleinMoriarty1,
Kong素问,
罐装盒头,
KtyQAQ,
L-Ascorbic-acid,
L-emotion,
LOVE瑞吉儿,
LO昕芋VE,
尘风一枚,
LPtc,
才不是狸猫ii,
LTY_LSM,
LV5节能炮,
LWJ_0803,
LX落霞77,
LYDoppeler,
小怜悯心,
LaPluma987,
Lacrimee,
常星林,
Langba2014,
Lei雷明Ming,
偏激筱丶明,
Lelele拐,
Lem大帝,
Lennon不会起名,
忆酒1,
纸春时,
Leonnav,
My丶Dearest灬SU,
Ler1Shy,
凤凰之于飞-,
Leslie----Cheung,
Lezzer,
许若潇,
LighterP,
Line_64956,
LittleRose,
LmHudRui,
Logic-hero,
何不扬了它,
Lu_QF,
Luna-No-Tic,
Luoyuu_,
伊茗mm,
听张xz,
因果律的弦,
夏时何时,
宇宙換紅豆,
是王朝吖,
氦氖氩氪氙氡01,
汽水和相机,
流萤Soar,
重塑命运的亡故我无,
M1LKBOTTLE,
纯情火辣清道夫,
MADAMADA-DANE,
MCcarrot,
labby妤小小,
MEz2Luv,
少女爱拉屎,
MK牧瀨红莉栖,
颜值并不一定正义,
MOCHAKING,
MUSE_2,
Material3600,
Megdn,
Melaniesmelon,
彼时的碎月,
Mercury怜,
该成为怎样的人,
Messi12356,
Michael__Zh,
MiguelKosugi,
RTX1660Ti,
韩美娟Amire,
MikiSayakaSL,
MiniOrangeNB,
MisakaZXC,
Mi迷醉,
别吵快睡着了,
吧唧1口小漂亮,
新建文档XP,
来根大白菜,
Monica_渔,
五代进之介,
Moonquakes33_,
Mou-z,
My-Honest,
MyLuckySeven7,
NARUTO水门,
NEm0意为无人_,
云溪不云惜,
NF13_,
许晚睡,
NGU-F,
NaOH42,
NamelessAshen,
Neil桀骜,
宁古塔穷留子,
Neo3Day,
NeverSettle_,
NickLopez,
NightFallD,
Night_Fox,
Night_Of_Light,
Ninelie47,
Nogamenolife电玩か,
NoneUwU,
Zachary照尘,
NotTheLord,
NotrealRorschach,
Nukepayload2,
OOK嘛,
ORANGE-OC-,
分肠道辘,
Oasis09,
Ofeocc,
lulufi,
OhYeongyi,
Ohyeeeeeeeeeeeee,
OrlonX,
OvOverlooked,
P7GAB,
P_LS,
Panena,
Paranoid_Liu,
末薯名者,
Persistancemm,
Petal_leo,
Priestess25,
QI--祺,
圆焰不拆不逆,
雾嘛噜,
QShaonian,
盒饭中的果冬咚冻,
Qian_0114,
Qimel,
Qin_at,
Qvoider,
Q烦A烦Q,
R-HR,
ROCKTIME2024,
R_Z_OWO,
Rainko_,
Rain的粪球,
百分之60的派蒙,
Raisushawaー,
Raquellll,
Ray_xxl,
Rb_M4XVerstappen,
Re0607,
Refrain_it,
为什么野兽没有我聪明,
Rei_澪,
Reigen桑,
Re世界第一可爱,
RichBen_Lian,
小柯啊小柯,
Rio_ccc,
Romantic丶鬼刀,
可爱的土狗哥,
Royal-Crown,
Ruaast,
Ruaitnes,
Rybakiki,
S-I-C-K,
丢失的免写卷,
S-Y商音,
SHIFXJ,
亻五我鸟,
SIG_SAUER-SP2022,
SL-Ace,
SODA酱NANA酱,
爱_我所爱,
SaChii_,
Safaloers萨法,
紫月岚,
Sakiの追う思,
没有脸的无名氏,
Septeen玖,
Milktea椰,
Sherry香Sweet,
SilkenChords,
GGu3,
SiroYoru,
Skelent_793,
Sky风华雪月,
潜水的鱼n,
SlimeNull,
Slytherin-xsh,
没名字这么搞,
SnowOye,
耶路撒冷沈阳路,
Solomon的小饼干,
Sora嗦辣,
Space丶JS,
Ss周防尊,
StardewVa11ey,
Starry_C,
Sternstunde桉溟,
超高校级の女装大佬,
Steven5990,
重逢别中二了,
中二kg,
Sure_ger,
Sy0472,
S佐藤和真Q,
TCY-Vilert,
THX2012,
一个稳健的玩家,
巴巴塔_w,
TatleCat,
肉酱安格斯厚牛堡,
Tendermistake蓝桉,
励磁石,
Thinkauc,
活捉一只小松许,
Tilance,
Tocy陈,
Tritium79,
Tsukumoinori,
Turbo_0v0,
Twinkle霆,
TylorSkywalker,
Uranoo,
Uurainn,
VelproF1129,
Vergilius_IlI,
VictorJerry,
Vitality的马希洛本人,
多年ye,
Vivien00a,
W_飛,
WeChat13,
Wiz1024,
W乐嘉,
XT鸢尾,
半机械蝴蝶k,
XueZCL,
YMQLL,
Yooofox,
YZQGJJ21,
YamiiroAlice,
YesToday_阿润,
全不灵,
科比,
YoRHa_4S,
锅咯锅咯驾,
Yogurt_Cat,
请输入文本-1145141919,
Yuri_flower,
YushawnChen,
ZENFE_09,
濠江南,
ZETA熊猫,
ZGiaoYee,
Zankan0206,
夜泠ovo,
Zara_Line,
Zcs3985,
Zeadee,
Zeroes已经懒癌晚期啦,
Zevin7,
你守哥来也,
Zion1998,
Zmorllt,
Zoe7oe,
Zoenash,
鳌拜得弟弟熬夜,
Zoneme,
Zx1on9,
Zzzzero鱼,
Z丨-_-丨Z,
Z小酸奶,
_7Ep,
_Agreas_,
_B27947,
_FlowWind,
_SKH_,
_Sao,
辞镜_Asuka,
予七语,
朔月清风qwq,
栗子橙Liz,
海围着的陆地叫岛,
__虹__,
_seagulll,
_到底哪个昵称不存在,
_坠落东京塔,
_小圆圈圈_,
_快乐贩卖机,
_我叫蛋糕,
_是阿龙呀,
阿桐木只是位设计师,
_晚枫qvq,
_月明共潮生,
辛弃疾Simcheegy,
_津岛__,
_白白可乐,
_蝰_,
_陆小果大侠_,
_鸮雀moss,
all阿哩哩,
andymsu,
asd_-_,
august殇,
黄益达哒,
awa张某人,
a不会抽象b,
baby可爱不可爱,
badoggo,
bahsuf,
麻根锅锅,
beihukasi,
L3-猛汉猎人,
be美学信仰,
biIi_l05I9722,
biaoxm,
bigbaby-防弹版,
bili_12779866234,
bili_14952655579,
bili_16659505537,
bili_173371688,
卖盒饭的小哥,
bili_21157517364,
bili_2151558904,
bili_25146983607,
bili_26881693082,
bili_28105539942,
bili_29275612544,
bili_29821165410,
豆腐腐腐腐fu,
bili_30562134552,
bili_3493292140398927,
bili_3494374220499549,
bili_3706954589407718,
bili_40131424806,
bili_45506813630,
我是天才蛙,
bili_45628101523,
芥_弥,
bili_45780123422,
bili_51260440254,
bili_582874,
bili_59340006201,
bili_68557741757,
bili_69904352393,
大家好滴滴,
bili_74059867530,
阿斯图罗,
bili_7986423,
bili_83862802450,
bili_84654198669,
想想晚饭吃什么_,
bili_89254476675,
bili_9434570308,
bili_大大滴,
bili_概念还是实体,
bili奈何,
biupa嘣,
bl9f,
凛黦,
杉本铃美,
boyLYX,
boyyor,
butforld,
b站神怭用户,
沙沙沙尘暴,
c-ouo-c,
晚夜溢晚,
calvinOvO,
caro回到未来,
玫瑰鹿bbs,
cdwei0,
cheems爱吃烤破退透,
cidheb,
cnzjlaoluan,
独孤东炎,
coolumm,
dawon-,
dc不重启不改名,
银彩-SilVirbe,
deFdeUdeCdeK,
望神侞㕃,
dhc316,
dontsendthissong,
dt--wssf,
dusk与感觉,
一块面包君0,
edward_1226,
emoattachment,
every_chae,
fbhsy,
fenibook,
ffffffff飞飞,
fff嬴政,
fork_ex,
frbaj,
fu_猫,
fucguc,
gilili酱,
giovinetta,
godzilla沈,
折纸无忧,
golden-flower,
时七识,
gooodbuy,
haigusang,
蓝曦Lences,
halo_nk,
hanpy,
happy_woody_,
happy第一视角,
hatomogi,
hawei_m,
henenxiej,
herobrine-----,
hiioohmudc,
清池处处起涟漪,
hinhin的鱼尾纹,
hitdta,
hmygxhy,
huhu霖,
好喜欢明日香-,
ifuuuaa,
imksc,
一个人的晚餐ya,
阿祖卡布珈德,
imnotlavender,
ioiuuuuuuui,
itisafool,
itsdoit,
i繁茂i,
j-x未知,
jelly_powder,
斜陽LilaS,
jjjkakajj,
kami会来拯救吗,
kara_谐反,
karo_427_han,
我好想你呢_,
katrinalyl,
kelthuzad0918,
kk登哥,
komorebi_soleil,
零篇川,
kong_yu_jun,
-赵Mou-,
kuronarns,
langdilaile,
lanhuasky,
lavi酱,
lc_LsatCross,
lifeline你的生命线,
无芳离逝,
iridescent2024,
lilyccyy啊,
面要多加香菜,
lin1270,
little-universe,
别vi我,
littleduckskin,
三国百将牌,
lllyyymob,
Chalice_W,
lucklyDog-,
luwenwuNB,
lzm骗我感情,
maggie_szh,
maxkaoa,
mcapple1234,
miingxi,
miku-Origin,
mileiniya7,
minostar,
mockingxy,
narniaworld,
nemo_qq,
龙君Long,
nightlightNL,
nike-tao,
灬暗夜神灬,
猫猫和东东,
葡萄尸体,
nomad8699524,
nouchiya,
nxhydm,
oO叶尘Oo,
oceanblue_123,
opennew58,
ormoix,
哭的火冒三丈,
oy源源子,
padoraxx,
祁醉一果,
paradox2333,
苏九思-,
peng鹏于晏,
很神秘的昵称,
了了把事了了,
仪子r,
单影-遥呀遥,
否视庭,
普通老百姓在你家,
pigpigpigping,
pm吖,
pose_V,
powerLm,
pypypyyy,
qwJKJK,
qzx12345678,
q青药师p,
九ノ离,
rarebirder,
realomg,
remix调味师,
rooooot_,
rtftftrs,
rucej,
ryyyywx,
鱼鱼鱼与羊,
s_hihai,
sanjin三禁,
shdmudbs,
shsndjj,
silent1266,
sinplelove,
sir扎克斯,
楽しいかわいい子猫,
skr洋葱头,
乳酸菌冷泡茶,
skybackknife,
skylouis,
solsetur__,
sosomoli,
恭请邱小姐出嫁,
ssssyrio,
Noway_t,
养只香蒲猫,
stayHum_,
strangeineed,
suifengv,
eldiablo0820,
summer丶埘绱,
sunberun,
superuuunir,
江千尋,
talonSG-FPV,
thekingxie,
tina12308,
ttcup,
tuple丶,
uni_田不田田不辣,
van万叶叶叶,
violetVE,
volckerOK,
vxyh2233,
三月莓六月花,
v板烧鸡腿堡v,
疯狂欧派大大星,
w_ch_Y,
waiai歪,
10lxr,
weeeeeeeeeeeeek,
whato-o,
栢丶川,
whcl412,
wnajic,
woaishutiao,
wood1208,
worthyalong,
风度桑_EA,
woshi11111,
wrusibxnxi,
wudfheutu,
wufengqiu888,
wwxb1047,
xiao乐崽,
白布林不_,
xuhe3329,
xuue的奇妙日常,
xxooty,
xxx欲しい,
极客壪,
爱吃酒酿豆腐,
xym12345,
-桃木,
1aaaaaaaaaaannnn,
666不爱盐,
ABthat,
Re叶天帝一刀233,
任识的陌生人,
叫你小东西你敢答应吗,
急性发钱寒综合征,
我不是梦中人,
无竺兰,
最初和最后,
爱白嫖的五香蛋,
道长哥哥呀,
阿杳没有犄角,
鲸吟梦,
xyxdoh,
y7uuuuuuuuuuuuuu,
yg王辰,
yh_24,
yida4056,
youngzie,
Peregrine_Y,
yunT2,
灬贝莉尔灬,
yy嘁嘁,
z-ioDGP,
小庄爱岁岁,
zhubii,
zimuli222,
zjzasl,
zmplqz,
zuukaii,
葡星人尤拉,
zweieQ,
zzzzzz陨,
041444,
z肖二千z,
ことなみY,
魏俞轩,
ずっと探しています,
だんご勿忘,
ど冲田总悟づ,
はどう90,
グミドリ,
シトリス,
ルザォGOGO,
ー_く,
二颦,
㑈睿祢冯什么吋侯䂗a,
一一一真,
一个人的吔,
一个准一个,
一个叫自羽的文学作者,
一个很恶臭的人,
一个憨憨的阳光,
一个普通的学习账号,
一个过路人的普通人,
一之濑千帆,
一仟摄氏度,
一凡是二哈,
一切死亡皆是自尽,
一口二十八个伢,
一口云团子,
橘枳jessie,
一只不大的猫,
一只努力吃胖的胖鸡,
sky_果子,
一只小小小米吖,
一只小梵茄,
一只小郝同学,
一只数学的狗,
一只欧兹,
模组工艺gong_yi,
一只没用屑,
一只爱杠的咸鱼,
tyzhende,
一只猫神256,
一只蛙蛙Froggy,
一只言言狒,
一只野生的文科生,
一只野生的颜文字,
一只雨欣丫,
一只鸭池,
一叶雩舟,
一坨波奇,
一天叭,
一年学会小星星,
一幽风之飞,
一念窥光,
华彩月,
戴蓝帽子的可乐,
一本正经的回忆录,
夏亚的飞毛腿,
希彼基,
御秦枫,
柊丶Heeragy,
盒菌子,
木斧锤,
一枝鸟鸟鸟,
一氧化二氢LBX,
一片馒头-,
一片黄金羽,
一瓶蓝莓汁,
尬白叉魚,
一紧张就会打哈欠,
一纸哟,
一罐麻薯精,
一袋坂蓝根,
一道阿柴,
一锤定印,
一飞不是二飞,
一龍一蛇,
七乐该睡觉了,
甘意ganyi,
七刹天,
七岁_Seven,
七彩虹黛西,
七界洲,
万年沿挂,
小言La,
万念一条鱼,
醒醒别oyi了,
万花瞳孔,
三十五号机器人,
三千万30000000,
三水oooooo,
三水一一o,
星ToBe,
白秋鸽-_-,
穷神小克说劲啊,
青雨清泉,
三石在剪辑,
上官带糖,
上官星婉,
YIandUY,
上帝遗弃的小山羊,
上扬_,
上衫一卿,
请叫我夕霧老师,
下一站缘,
初末寻辞,
下一节什么课来着,
下渣皮,
不Fuc分子,
不上TUB不改名,
不买立减百分百,
不二月诗,
观岚岚吖,
不会背道法选手,
不做好好先生,
不偷月_,
不吃萝卜的CRH380B,
不喜欢肉肉肉,
不喝百事啊呀呀,
斧王马大三,
不夜猫貓,
不大的微风,
不好喝的粥,
不好意思在下豹子头零冲,
不想为取啥名字而烦恼,
不想改名字了awa,
不懈努力7274,
bili_3546627830712399,
不抽象的蔡,
一只小INKQWQ,
不撸站神,
不死骨灰,
某爱玩矢量的一方大爷,
不漾仙10032,
唱骑速食,
不爱玩百战水,
不爱背书的Sireal_,
不狂人,
不狂啦,
不甚燎了,
不知名的up猪丶,
不羡仙10101,
新疆老虎不卖,
不药_,
不要再玩B站了,
不要和我抢我推,
寒羽良_XYZ,
不要给我喂饭了,
不见曦月3498,
新时代赛博扎克伯格,
不负韶华QuQ,
不逝叭,
不闲的小咸,
与寒北伐,
与辞浅,
专业吃瓜群众hhh,
撒野小树,
专业帮人换裤子,
且行风_,
世崩鸟啊噶赛,
世界的尽头是你的声音,
东山在启,
东方逸夜,
东曦哦,
东曦既驾_听聆月华,
东野居士,
丝瓜秋,
两大大碗稀饭,
两手-空空-,
两边水,
极速小飞鱼fly,
丨Demiz丨,
丨隐秘灬角落丶,
中初男同学,
中文房间里的哲学僵尸,
閃刀姬丶零衣,
中秋和五月,
逃离实体,
中级电脑,
中老年人签名藏彩蛋,
bili_84977963349,
刃下狼血,
中雨转大鱼,
是Q同学呀,
临在时空13141916,
丶丶丶丶丶丶哟,
丶卜一丶,
丶静影,
丸澄-,
主动一点吧,
丿渔舟,
丿灬紫枫丶,
义恒2,
之之的花,
小主想睡觉,
乌托邦的日子,
乌鲁鲁不爱堵桥,
乌龙茶啤酒和苦咖啡,
乐弦初音和天依,
乐观的Pessimist,
乔思毅,
乔砸のh,
默蜂QAQ,
乖日鲸,
乙醇上头,
特工小鸡zzz,
九世净琉璃,
九十一个名字,
九十九课,
九号天罗,
九头怪喵,
九打七,
九敏狐,
也無風雨也無晴,
哎呀我不想取名字,
也许我就是大魔王吧,
书剑风流,
泊鈞,
书桌余光,
书话短说,
乱一晨Twilight,
了不起的木狮虎,
予独爰莲,
事该了,
二大爷我查,
二次元恒星,
栗子鼠1940,
二点半不上火,
二零老师,
云中仙鹿Max,
nonane2077,
云妹儿丶,
云柒July,
山海重工,
云梦夜鼠,
云歌呀云歌,
比格Bigsk,
我也要助攻,
云织光,
异常有用的垃圾桶,
云鵃,
鬼清明,
五更瑠璃丶黑猫,
炼冰术士海森堡_,
五条煌,
卷毛鸦雀窝,
亖三两二一,
亚撒西的迷途,
亟淮,
亡棋林,
河马朋友,
亦南rrrran,
亦是否,
亦音-,
京有点冷,
京都一生推-,
人参公机,
人女口其名,
人才北子,
屑六角星awa,
人机kris,
豌豆味老干妈,
人生岂能被轨道左右,
人畜无害皮皮酱,
人间普通小tom,
人间风雨7776,
wE1xUqU,
彩色的风123,
仁川松岛流浪女,
仁糍粑,
斯巴拉西zzx,
仁間失革,
你的豌豆呀呀呀,
今天又又又浪了,
今天问题解决了吗,
今生ww,
寒面东风,
从我床上下来,
从我这边_到你那边,
从此见山不是山,
代数与数学分析典例,
以一四悟一十,
秋络妍大王请早睡,
以勿,
以泰和菠萝,
以爱为名的某N小姐,
重金属鱼,
仲十五,
仲夏-月,
仲夏之靥,
任颜鹤,
仿人類行為錄_,
仿生萝卜_,
伊依炎炎,
伊克斯迪克秀,
伊洛幻想,
伍水硫酸曈,
伍猫司,
伏二金,
伏特加爬山斗地主,
优不拉平,
会玩闪光的麦卡利,
雾都冰火,
会飞的猪24,
伟大的更更桑,
传奇月球守门人,
水野幽香,
遨风管,
传奇火火-Fireset-,
伪秋菲,
来自律队的大拇哥,
伯尼熊的烤香肠,
伴九久--,
伴定疯,
但又如何,
低血糖还在追我,
住在乌龟壳,
住在珈百璃家的狂三,
佐佐木卡西欧,
元素AMG___,
佐腾酱,
EVNSR,
佑川予安,
何兰亭,
何小豹,
余余余余泠,
余林初雨,
余紫南半鬼,
佚名16,
你_好好_活着_吧,
你们这些大胖子,
你大大大爸爸鸭,
你好呀9-9,
你好我很困我先睡会,
MrC4,
天道树艹,
你安全得救了,
你当飞往你的山啊,
你怎麼连话都说不清楚,
-月净悠-,
你所热爱的就是___,
你抓不住的风与影,
蒙面侠的小鱼干,
你是我左边的风景,
你的头发掉了-,
你的水开了,
你膝盖中箭,
你见我钱包了吗,
你踏码,
你身边和他一样帅的人,
佩奇是我的呀,
佰帝,
依氼,
俄罗斯大战方块,
俊俊金毛,
俟惕,
信任度贤者,
修改硬币需消耗六昵称,
俺们控,
假的dewierH,
假装是万寿菊,
饿货33,
偏头痛妖精,
傲来Official,
像素漫步,
97有山,
兀与_,
元创者,
imitator_,
元战OPLA,
元旦是只猫呀,
先随便起个名111,
光与影shine,
光武帝劉秀,
光粒子的能量,
克拉UwU,
克里斯_猫,
克里欧Kun,
克隆狐_Neil,
免硬币设置一次吼,
兓霂,
兔子便当里凤梨怪兽,
兔子要发疯,
逆天改命乌鸦陈天雄,
入处壮年拄拐棍,
入梦bai,
全世界最帅的老坛,
全知全能幻想,
全站唯一真刘浩存男友,
全部拿下233,
八云家的被窝,
八奈見杏菜_official,
八月留焱,
六喰,
剑灬神灬,
六国居士,
六花不想小鸟游,
兰渔,
共和国在下雨_HE,
共鸣鸽子,
关东煮好想吃,
关天烽,
其愚不可及也,
内啡肽含片,
再来也许要天上团聚l,
再见吧朋友焖,
再见徐,
十六不会做饭,
冒崄雷探长,
李简请69,
冒险滴二哥,
金刚小蚂蚁,
冬坡_,
努力的小杨322,
冬天要做大鱼2,
沉锦烟,
冰冻麻薯youmu,
冰心一弦雪,
冰柠海獭,
冰鱼ちゃん,
冲浪小透明,
冷吃_兔,
在有风的日子里晾衣服,
惣又介,
章鱼烧暴L,
冷火蜻蜓,
冷铭雪,
冻梨大人-,
凉ie,
老实人秋水,
凉小肥啵炜,
凉簟残烛,
神络局外规划社,
凌晚lw,
柠檬芝士_,
凌晨aks,
凛夏w,
叶片D2,
凡凡凡凡凡鸟,
凤九序章,
凤梨酥贴,
凯撒的副官,
涵盖芦,
凹凸不平的小毛毛雨,
函谷关上单,
刀梦氵原,
刁之不会剪辑,
喵kiri_颂,
职业迷妹,
薄荷巧克力小蛋糕,
刄妾,
刘艺博ol,
初夏桜晴啦,
无忘筱筱,
空城一の猫,
删繁就简-知足常乐,
别加芹菜啊,
别时茫茫江妗月,
别欺负乌冬面呀,
别碰我狗牙yy,
到底该叫哪个呢,
刷牙的临夏七度,
刺客先生就好这口,
剁椒鱼头椒炒肉,
前任大班长,
前方咯咯,
剥个瓜子i,
剥落的海,
加油吧阿柴,
加洛壹,
加藤惠的猫-,
励志当萌新的黄桃,
1彬,
雨就再下,
勤奋好学の呆猫桑,
化泓道人,
北境铁头人,
北岛牧师,
纳石矢,
北方の风云客,
匪之FZ,
十一栗-,
十一次元刀酱,
十一诗语,
十七号骑士,
十七摩斯,
十万伏特Thunderboy,
十二刀语,
十二月火,
十亿口奶酪,
十八人匕十,
棉花糖_MELLO,
白色轮毂,
十岁抽到了可莉,
十方郁,
千喜鹤_sun,
千戈--,
千早小唐音,
千简云辞,
半东白皮,
城南輕舟,
半串钵钵鸡,
半夏spirit,
半岛台吹吹风,
艹此用户不存在,
半明半昧半摇曳,
单挑专业户,
单挑于北宸,
無_三,
账號已注销2333,
单核细胞生物电工,
只要脊椎,
单相思的菜鸟睡梦回,
吃花椒的秃酱,
南_乡,
南倾尽萧,
南宁老友粉丶,
南宫幸光,
南宫羽丶,
南小鸟68,
南屏绿波,
南条痕,
南河み,
南筏滚滚,
南紀岛,
南那なな,
没干劲de蚊子,
南颜笙么,
南风white,
卡了鱼刺的橘猫,
卡卡溪鸭,
卡瑞昂,
卡贝奇果,
无法查询Nber,
螺号闻,
卧同希濡沫,
卯猫桑,
丙纯,
卿の本佳人,
卿儿爸,
卿卿草草原X,
卿良骨,
阿渣dry,
厄余eyu,
有机生命,
原于_u7t1,
原始火批,
去工厂然后回不来了,
去房间整把枪w,
又一个无趣的人,
友之天下,
友善的鸡翅,
双保险摇滚,
反正我觉得挺好的,
发送我所至爱,
取名字Jay难,
取名贞德好难,
口可口可口达emmm,
古都市掌管拼点的神,
只因ikunの恋爱循环,
只因不是知,
只希望归来,
只死猪仔,
努力的小博士,
只爱小昔涟,
叫我Ccy就好啦,
叫我周粥同学啊,
叫荏苒的鸟,
叮叮车dddd,
可le油条,
可乐_-可乐-_,
可乐啤酒配咖啡,
可以就是可以不,
可以让我退退,
旭日之舟,
可口可乐与泡椒凤爪,
可可可可92,
可有可无吧,
可爱的像小兔子,
可爱的嘟嘟嘟嘟,
可盐可甜萝莉啰嗦,
可莉的咸鱼,
可达莉鸭,
可锁水面纸-,
史呆芬爱吃水蜜桃,
叶刃艾路雷朵,
叶子yerr,
叶子旋转飞,
叶影不好吃,
北冥系咸鱼,
叶斯格鲁,
叶桑酱,
叶籽孜yu,
司尹舒,
司空冰痕,
司空见不惯你,
司马江南还我绘梨衣,
叻砚舟,
叽里呱啦咩哈哈,
吃柠檬哟g,
吃橘子的小学宅,
kii_sanyaOvO,
吃葡萄就_吐葡萄皮,
吃蟹的电视,
吃那么多的吧,
吃饭睡觉的豆豆,
吃饲料的南越人,
合肥凌动,
同一天的时候,
同学丁,
宅家的猫先生,
开背蒜蓉虾,
名字是试试,
名陳,
向你问好_我的朋友,
向安,
向最美好的前程,
向点何,
吓得我都笑出来了,
吔蕉啦捞头,
君の坷拉,
君之南,
希儿希尔希希希,
君身雪中乃知寒,
吟游诗人握持,
吧唧一口奶,
含着奶嘴的心理大师,
含着泪de微笑,
听Jay吹海风1,
听白TownBoats,
听见落花声,
吴西迪西哟呼,
蓝色的赭鳞蘑菇,
吴解语,
吸金猛卖,
吹号手-,
吾乃秦始杨,
吾乃高林也,
吾星如河,
吾猫叛逆伤透吾心,
呀羊跑了,
呆呆的睿智,
呆毛小六,
呢绒喂丝大林,
周三连,
周周鹿,
周旋久矣,
周易有云,
湫驀,
周淺,
呱小酱,
呵闩,
命运联想,
命鹧,
咃の泠漠伱の嗳,
和人kazuto,
咕Duang,
咕咕eee,
咕噜咕噜仄儿,
咕路碳是这个碳,
咖喱ヽ,
咦丶我的存在感呢,
咩咩铁锤酱,
咳咳棒,
咸桪不想哭,
荥星中,
咸鱼之王王王,
咸鱼四十四号,
哆啦丶小金Jinky,
哆子玉,
哇_逗13,
哇咔咔扒拉,
哈-是老Ju,
哈丽郭特,
哈哈哈_会和,
小恐龙゜,
哈喽之鸥,
哈士七_,
哈怪怪怪怪哈,
哈秋szhhh,
哈鸡寻,
哒咚咚哒咚咚哒,
海艺的小窝,
哔啊叽,
哟哟切柯南,
哟雨哟雨,
哦哦哦哦耶斯-,
哲哲乘风破浪,
江北残刀10,
哲学苍穹,
唉丶小卿,
唐完就宋oh,
永曜苍穹,
请把我当成一棵树叭,
唐惜然,
唐筱鹿,
走猫步的鲨鱼,
唔嘫worable,
唯其故耳,
唯恣意不改,
唱唱反调呢丶,
商秋暮雨,
啊-健,
啊今我来思1,
啊你说的对哈哈哈哈,
啊又过了一天呢,
啊就这样好了k,
啊您姜,
啊米诺斯米娜桑,
啧啧啧zzz12346,
阿本_QAQ,
啧啧啧鼠鼠都去哪了,
啸温风,
还会更差吗,
啾秋啾啾,
善财懒同学,
喑枳,
梨米朵,
喔你呢,
喜欢刘康有品,
--如既往的帅气,
喜欢吐泡的鱼,
喜欢坐直升机丶,
喜欢川渝宝龙,
喜欢阿瓦隆的大手么,
喝不了冰啤酒,
喵之安雨然,
喵了个咪呵呵,
喵勒个去,
喵卫阳裔,
-Vvanny-,
喵喵折app旗舰版,
还没熟的鱼蛋,
喵喵眯眯呜,
嗜个仁啊,
嗜窝诗屋人,
炫彩大脏螂,
嘎嘎鸭布丁,
嘢_小子,
嘿嘿会早睡嘛,
嚞御,
四区的尾椎骨,
沈昇x,
四叶Luckyclover,
四川省省草,
四月一日莙寻,
四照x,
四页景_,
回神兮,
困乎己时,
囷囷不困困,
熵增二踢脚,
国家一级饱腹动物,
国服第一难带啊,
国王家の猫,
图tu_,
图伯斯通,
土鸡德华ovo,
在哪里起飞,
在底特律吃馅饼的企鹅,
在杭州做律师的王律师,
在椰子树下一觉到天亮,
达斯米奇B站专用账号,
在逃猫猫棍ovo,
地球online管理者,
噜炉卤鹭,
地球脚印1号,
地瓜炸弹球,
地陷の石,
坂古朋友圈,
坠风煎鸡蛋,
小宇游戏xy,
坤的味道吃了就知道,
坨马坨,
垦芽泊子,
埃里克ww,
城郊牧笛落野村,
城郭书生,
培青孑,
堂主胡桃胡桃,
堂唐塘,
78頋語91,
堇紫苍蓝,
堍茶,
塑料口袋,
塔帕酱,
塰鸦,
见严冬,
墨兔MOTU,
墨哈秋哟,
墨爻的世巡宠宠我,
墨竹银余,
墨苏冷,
我爱看擦边男妈妈,
壹万ewan,
壹碗汤,
夂㸚祓濯,
复读复读机的复读机,
夏与树丶,
夏夏夏夏夏夏次一定,
夏日丨邮局,
有人在这儿吗,
夏沫繁星,
夏花迷蝴蝶,
苦瓜哇_,
夕日の波客,
多拉A梦-boom,
多鱼的余ovo,
夜梦鹳雀楼GBZB316,
夜灵沐_Sierra,
夜玦GReally,
夜礼服假面的红蔷薇,
夜肆然,
夜阑星凡,
夜風幼刀刀,
夜默星繁,
大会员asd,
大伟囚,
大力地,
大叔炫007,
大名鼎鼎历飞雨,
大圣嘻嘻嘻,
大地嘤嘤嘤,
大坝神区,
大山妖重明,
大师球逮溶食兽,
大曦哥,
大润发杀人男孩,
大爱南大,
大猫67,
大白菜de桶,
大睡啊啊啊,
大禹治水www,
大耗司,
大脸MRA,
大萝卜是大宝贝,
大藤王,
天上江铃-demonic,
天仙狂醉yun,
天台美厨一位丌-丌,
橘喵敲可爱,
天天扫雪,
爱喝冰镇绿豆汤,
天律玄,
天泽圣司雯,
天狼座星云,
想画画的七辰,
天罪星旺仔er,
天野阳阳菜,
無名1234,
天青水绣1236,
太凡乾元,
太缁,
太陽の息子,
太饿了找吃的,
失眠玖月十八蛋仔,
失落的泰迪熊,
风花满月,
头发不稀,
奇谋砍张角,
奈喜子,
奈总qwq,
奕诺_Y,
奖状收集楼,
F_eiuu,
奥数洛里,
女san,
奶不思,
奶油I可可,
好久没追番了,
好像什么都不知道哦,
好名字都被抢光了.,
改头换面aaasa,
好大一个碗,
好大一只咕咕,
好奇的迷彩风筝,
回到未来的方老师,
好耍啊好耍,
好风可借力,
如月疑云_,
妄言猫猫,
妇国大将军,
妖精cpl,
妖蛊笑,
姓呼吖,
姓羽隹,
姜ヅ王,
姜与僵,
姜姜江姜江,
姜萍数学竞赛,
威卡wicca,
威鸡雰,
婉芊幺,
婪隹Benitoite,
是大熊哦,
子不斩,
子易233,
阿狸狸哦,
子涵露露,
孔--明,
孙悟驡,
孙鹏飞7840,
杀手蝴蝶梦1919,
孚乃有庆,
第七命,
孜然酱不是酱,
孟川K,
孤优孤优,
孤屿zyz,
孤独的品鉴师,
孤独的风一,
肯定还会的,
孤狼酥酥,
孤獨離子,
学习的星灿,
学英语的医学生,
药粟ys,
学门技术养家糊口,
它它汁,
宅在家的子期,
宅在阿瓦隆里的亚瑟,
宇宙交通领航员,
甜口豆瓣酱ovo,
宇宙机械姬,
宇智波带taoo,
宇玟秋水,
守护的骑士,
守月人the_moon,
守望心灵的月光,
安家妹子,
安敖在摆烂,
戏格子,
翻斗花园屑老板,
安沫澪,
安静的像头驴,
安静的距离,
宋雨琦快来宁波救我,
猫_君,
宏宝丶,
实在想不出名字了--,
室盐,
我问尼在肝神磨,
雾岛u,
容川居士,
寂寞工科男,
寂月星尘,
寄人篱下的可怜鱼,
密码又忘了哎,
昨日的曦,
富小蔻,
寒武極,
寒玥Ovo,
寒瞳鹤影,
寒羽尘夕,
对绫波丽一见钟情,
寻七w,
寻找-答案,
寻找加一,
九重星有街,
寻章Explorer,
封镡,
将半,
專業不對口,
尋勝1893,
小QBZ,
谁在和甜妹谈恋爱啊,
小一的频道,
小东哥是也,
小凝商业分析,
小刺猬扎你哦,
小十八_Mirana,
小吴6119,
小咩菜,
小唐跳,
武装蟑螂,
小天LOVETEN,
小太阳在对岸,
小学同鸡炖,
小小万业,
小小阿宅Erin,
小徐在背单词,
小怪兽king修勾,
小恶魔海星星,
小惠很白,
小新酱的蜡笔,
小明听见了,
小智真的很机智,
小李布鸽-,
火伊尔,
小松日向,
小林囝,
小柒弃色,
小桉有点宅-,
小樱花のSakura,
willy_ben_chen,
紫外线大帝,
小汪君の,
小沐de音乐盒,
小波961016,
小温wendy,
小潜讨厌早起,
小灯扶老灯眼睛要尿尿,
深海绿gou咯,
小狼背个包包,
小璐不乱撞biu,
小疯未疯,
小盐风化,
巴塞罗那的皮卡都,
小科笔肘妈妈,
小穗满满,
小羊奶盖丶,
小肆aaaaa,
小豺v,
宇拉Yura,
小電龍,
小青蛙兮兮,
小青鹿啊,
小韩啸,
小马谷momona,
小魔王9901,
小鲍的阿黄,
昊叠油,
小鲨鱼的糖块,
小麦克可汗,
小鼠同学Minimouse,
少吃点吧又胖了,
少年の初梦,
鱼猫摄影,
尔蜜7,
尤里安的凯旋,
就是qiengpa,
是懒人不是赖人,
就是老人,
就爱吃脆桃儿,
就要沾豆爽,
尼古拉斯卡喵,
尼古拉斯赵四22,
尼布罗茨,
尽佘欢,
屠夫鱼,
山上有术,
山与海棠花,
山柳awa,
山楂-西红柿-土豆,
山海_居士,
山海中重逢,
山田杏奈さんです,
山羊-GT,
岐律,
岑皮啊,
起飞ww,
岛兑,
岛田哈士,
岩叔不二,
岳韶,
鉝ver猫rium,
峥峥与鱼,
峨眉山猴王_,
请阻止车门关闭,
工藤-沙耶香,
橙子是魔王,
巨魔苗,
差不多的橘子,
高维思维兽,
巴吧波弈,
布布OcO,
布拉迪耶先生,
布鲁伊传教士,
帅帅的尧哥,
帅摔的萝卜,
帅气の小飞,
师傅菜菜又饿了,
离开以后醒着做梦,
开拓猫猫,
希茵今天还在河里,
职业躺平懒羊羊,
花哨政,
帕鲁狙击手,
带土是喰种,
萌新的无奈,
带秤去旅行,
带篮子本人,
常云晚,
常嫣军,
常数要较小,
常树人,
干净如画,
干啥子啊这是,
平凡の世界和你,
平壤没有墙,
平平凡凡丶levi,
平面直角坐标系Owo,
并非真五字,
开朗的真爱坤,
幺幺灵2008,
幻夢未来の音,
幻梦花园_,
幽默春风,
广白百,
庐江老陆,
店长工具人007,
哈哈名字不存在的,
星落_falling,
黎曼可积,
废话世界里的糖果屋,
生煎鹹魚,
开房卖神油,
弃D投P,
弋白二琼,
弋阳川,
张书凝,
张八儿,
张厚页本尊,
张某赐哟,
张飞偷袈裟,
弥-aisd,
弯曲的湖,
弱弱的小汤汤,
弱水东流,
張云宏,
張号己汪销,
張长青,
强说他,
归_辰,
彡YYL,
彡叮当彡,
彦伯英字子午,
彩叶の八千代,
浣_,
蓝染白衣,
彩虹人o_o,
情迷加勒比233,
彩虹喵之剑,
彩虹海彡知音,
影只猫Shadow,
影子与鸽,
待解救老司机,
很大的风g,
徐同学Ql,
得分点-,
御坂12791号,
御坂5831号,
御坂6470,
御坂妹妹发电厂,
御尘zzz,
御时空明,
循湮26,
焚风___,
微微一跳,
微笑小狐狸,
微笑掩饰了忧伤,
微醺さん,
微醺的冷鲜肉,
心一k,
心之所向暂,
心乐兮,
心灵牧羊人0123,
忆尘自信也谦虚,
忆比蓝,
忆江南丨,
忆研年少,
忆蓑衣,
忍月愁,
瓏龍籠,
忒忒忒啊忒,
志鹏叔叔丶,
忘了本大王,
选择子午or弧矢,
快乐小猪儿_J,
怀里明月怀外雪,
物喜寄悲,
怂了苟吧,
怎么不在家,
怎么講,
思念变成枫_,
唐小十九,
思想掌控,
思考人生的小溪,
怣,
怪人阿刚,
总是走在漫长的路上丶,
总有一天会还魂_zone,
After-Alive,
恆礫,
恐人勿扰,
恒の征服者,
恒山野人,
恨愁用歌声代替,
恩MIXX,
恭喜又发财,
赽泺熋尒,
精神大夫,
恭迎小滢殿下,
恰逢小雪绵绵,
恶鬼小诺,
悄悄亲清清,
悟-wu,
悠妍晓琳,
您巳急哭,
您有事吗2018,
比目测丙鱼,
您的云空间已满,
您的昵称包含低俗内容,
我永远喜欢高人先生,
悲伤忧郁马铃薯,
悲伤的畸形香蕉,
悲傷の魚,
惜惜煜,
惟江上清风山间明月,
Badwoman-空眠,
想一起吹海风,
想依,
想到再来告诉你,
想去北极的企鹅_,
想吃烤肉TT,
想念有雪的地方,
想想可莉怎么炸鱼,
想改名_,
想睡大觉嘎嘎乱杀,
愁草瘞花銘,
愛白虎,
感谢地心引力,
慕思集团,
慕斯喲,
慕溶雨淅,
Szaskaite,
憨来书枉,
成绩单又丢了,
我_要_放_假,
我一定会懒得更地,
以诺克之风,
水色理,
我也要吃鸡翅吗,
糖盐一定要在一起,
我予满穗,
我先占个id,
我刚刚改了个名,
我只是闲得无聊想改名,
我可能是一只土豆,
戟错啦,
我听着呢小基米,
我喜欢煎蛋Juan,
我在死海漂泊两千年,
我好q1,
我尼酱,
我已不在梦也成空,
我很简单23,
我才起床_,
我星廾,
我是52饼干的狗,
我是䨻,
我是一颗B站用户,
我是初小晨,
我是咬央,
千树怜w_w,
我是我觉得最好看的人,
我是挽星a,
我是果冻啊怎么了,
我是無名小卒,
我是瘸子别踹我腿了,
我是神人吗-,
我是菜鸟-想寄就剂,
我来看鬼畜的无聊,
我没有名字-_,
我的吹笛者,
我的板QAQ,
我的闲暇小憩,
我约等于人,
我练瑜伽自己吸,
我要去只有萝莉的世界,
我要巫妖王药丸,
我要这么大脸有何用,
我觉得杨桃,
我负责膨胀你负责收缩,
我鄂鄂,
我问问撒手,
一般通过利伯塔里安,
战意电竞丶红中,
战意电竞黑幻法爷,
战神dream,
战神之王帝皇,
戚爱,
房里有好康的Kon-,
所谓烟雨之类,
大梦想家小飞,
手头西瓜,
SSS青,
手机野人,
扌览辰,
才不会偷吃芒果,
才醒的,
扑朔呀,
打L的都是魔鬼,
打酱油的丁,
扫你爸爸的头,
扶山,
扶老太太闯红灯----,
找不到出口的人,
葫蘆小C剛,
把王杰希拐回家,
把玫瑰叫成你的名字,
夏日腥,
护一只知更鸟,
披萨小圆子,
抱抱薇妹,
抱走枫妹,
抵达了他忠实的B站,
青春耄耋梦到曼波学妹,
拉-乌,
拒绝周董三次,
拓海-ovo,
拔剑问心95,
拔罐男模の甜美爱情,
拥有惊世智慧的钟表头,
拿皇与法兰西,
挥手道别思君,
捂猩上酱,
换方位的岱泽,
花生于竹南,
据说没有bug,
接yrh超绝事业运,
控评有罪,
仗助老师,
搖滾弦,
搪瓷starry,
摆烂之水,
摇摇又滚滚,
CarterstayTuned,
摇铃衬,
摔东西的小老鼠,
库库乱造,
摞纸盒,
摸鱼D,
摸鱼摸鱼-w-,
撒野O_o,
泥嚎比莉,
撕辰,
擎苍挽弓,
改个昵称真的好烦啊,
改名要花六个bi,
改咕,
改头换面天选之人,
故-我,
故李云卷云舒,
故零十一,
散华··礼弥,
散步不需要伴侣,
散装达闻西,
整点稍麦,
文文不玩了,
文箜,
文西答文西,
斑马亦未见,
斑马鱼的星期六,
断发以明志,
断线_丶,
斯教快扣他们分,
番薯祖宗,
斯神小七,
斯胺叁,
新世代的Fans,
新世界与你,
新号啊啊啊哇哇哇,
亿个麻袋,
小鸡内裤。,
新宇不太菜,
新风秋月,
方案公布,
方邡埅,
施绪无解,
李子炖鱼,
旅途小呆,
旋转妙脆角,
无且无与无,
无为的mr,
漫无为,
无事小神仙Flyflyyyy,
无名祗,
无处不在的morse,
无敌真寂寞9900,
无朋workdead,
无根水呀,
撑伞共此时,
无痕迹影,
NH会长,
良尘景,
无聊就睡觉333,
海恩文森特戴尔,
HCN氢氰,
loveJY飘渺,
无语的蛤蟆,
日出可是不等人的kkk,
日夕KagLun,
日常_____,
旧事重提y,
早点柿做,
时久觉,
时光旅行者-114514,
时光海里的重症患者,
时已过境迁,
时栖Hoho,
时的中,
时间冰雪a,
旺旺奥利给,
旺汪旺碎冰冰,
昂joy,
明日香未官宣男友,
明明如楽,
昏鸦派JT,
易散,
易铵盐,
昔年酱阿,
星之役,
星冬青,
星如雨-_,
星尚故事汇,
榴莲流奶牛角Bao,
星星月亮的搬运工,
星月观云,
星期八逃离地球,
星柒幺幺哒,
星核律者,
星海plus,
星源2012,
星赫逍遥,
星野已死,
星降る夜の星野,
春困丶夏乏,
春江水暖鲤先知,
春生夏长空心菜,
春秋六霸王一公,
昭の杂货铺,
猫咪子_,
是只羊咪,
是太极而不是太急,
是安好先生,
是小结丫,
菜包子-caz,
是小颜捏,
花镇骄,
是日星TodayStar,
是时候改昵称了_,
是澪不是零啦,
蒹葭浮生,
是红中啊,
是雨落樱本人,
昵称已被占用45823,
昵称昵称昵称咪咪,
昵称没有饭香,
昼空之夜,
昼雨_Dayrain,
嘎巴菜米茶热干面,
晏子羽,
艺天Showz,
晓晓巫巫,
晓炙晨曦,
晓美焰の老公,
晚枫Jay,
梁永欣沃爱腻,
晚点听网易云,
晚雲暮,
晨思夜_00,
源堡里的刀克塔,
普通的魔王,
鲁路修·Vi·布里塔尼亞,
普通的黄头发妹妹,
晴不欢,
晴乄箜,
晴天Komorebi,
JimsDesign,
晴天上午,
晴空四叶草,
暖小语,
暗风游行穗,
暴走的EK,
曦熙婉,
Singularity-24,
乌啦啦吧啦,
打车斯巴鲁,
瓶瓶的CX330航行日记,
礼亭,
曲奇如丝,
曹静淇,
曼珠沙华の彼岸花,
最爱妮子兔,
最美不过小白时,
月岛arl逗号,
月弥阶釤,
月月兔牌口香糖,
杨月yang,
靖安司都尉中郎将,
月的-六便士,
月雨小号,
有上进心的一只山竹,
有画要说的Lindy,
有真心會掉眼淚丶,
有股媚劲,
有那么一丶意思,
朔望月的回眸,
望惜夕,
鸟畜,
朝南墨,
朝哥家小朋友在线刷题,
期刊9,
木同言,
木心木杮,
木春青,
木有名纸QAQ,
木木夜丶,
木梓渝,
木王大子,
木琴不是木头,
木辛子16,
未名DotNEF,
未命名勇士,
未知1参上,
未知实验体417号,
未知银,
未见青山的居士,
末始铃摇,
末酱不是酱,
本大爷不想取名字,
本心影视,
本昵称需要消耗硬币,
朱扎记,
朴基熊丶//////,
机智的沙翎yu,
机智詹詹,
杀老师bulibuli,
杂烩煎鱼,
理塘的哲学家,
李不李猫啊,
李光洙李先彬,
李君渡,
李大犬,
李总同学-,
李惟张yq,
子非涵菲子,
李晴天win,
李知恩哎呦好美,
杜小慷_com,
杞正海,
来点猫毛吗,
東門702,
松本奈奈美,
松籽ker,
葵九歌,
极客湾Geekelwan,
极限上行,
枕鸯丞,
林子Kily,
林尘歌深,
林籽linz,
林野有余粮,
林雨萱-SNL,
果goo,
果粒澄ovo,
果酱喵Mia,
枝菌格格,
word富勤,
枣巳波,
枫叶Zing,
某M先生,
某不知名二字蔬菜,
某不知名散修S,
某个小花,
某人的门,
某可爱的梦酱,
某科学的DeathNote,
柑橘羅勒,
柒喜Q1,
柔情小涩狼,
柚子胡椒磨成粉,
柠檬茶先森,
查无此猪咪网友,
柯博文马格斯,
柯昶枫27,
柳_梦璃,
柳之之枝,
柳如墨,
柴七小高,
树懒懒得出奇,
树霖Zeyne,
栖栖www,
高松的灯,
栗悟饭和龟波功-tina,
栗酱子喵,
苜制茗,
白泽拓,
格格明天更美好,
桂哥梦想笑了,
桉子诺,
桐酒てつあき,
桑尼老师丶,
桔子的各种日常,
桔羽糖,
桔酱白斩鸡,
梅狸猫教头,
白胆杯子,
锂葵,
梓米葉,
梚绘洢夭夭,
梦糖LoWH,
梦被光刷白,
西住学姐,
梦见云逸,
梦见紫棋出专辑,
诸葛大捷豹,
梦过程记录,
梦里美好的理想,
梦里美子,
梨子正在输入,
梵意琉璃,
棂鉴漴,
棍母棍父一家亲,
棒金银,
棠梨泫,
森森系sen,
森贵人,
棱鲤,
椰子糕314,
楚国有瑜,
楼上的你好,
灵骑思故我在,
乌鱼蒸虾头_,
楽空,
榝噠,
酷蕉,
樂峖,
这不管那不管的牢B,
樱庭未晴,
樱落风语,
樹石桑,
橘味龙猫王,
橘子汽水欧尼,
橘子猫不是猫,
橘荷白菓,
橙子OAG,
橡皮战服,
欠揍の仓鼠,
欠揍调音师,
欢言乐,
正一丶张之维,
正义de蓝白,
正义的怒吼,
郁宁无瓜,
正仝口,
正是江南好风景Q,
正版白如苏,
正经的冷淡,
此地无休三百斤,
毛毛的从前,
步川羽衣,
武帝万岁,
武帝指点十万军,
武林萌主14,
歪比巴布不是歪比巴卜,
死兆星之彩,
残心love,
残翼祭,
残荷败竹,
殪遙,
殺風景,
每天长高半厘米,
比企谷八番队,
超声刀削面,
氨百LJ-,
氪两块钱的肝帝,
水g-,
水也SkyPond,
水华月彩,
臻好真的很好,
水星鱼suiseifish,
水木清华-Jerry,
水無月梨花,
水爅梧桐,
水花sunshine,
水遁-雾隐之术,
水里没有猫哇,
水镜影,
水默cp最无敌,
氵比冫淡,
永世爱雷姆,
永恒痕星,
Jioautumn_,
永恒的近视眼,
永恒轮回转寿司,
永远亭的宅女辉夜姬,
汀羽在听雨,
汉堡包emn,
汝羌,
江海涛的江清漓,
江湖憨包,
江边马子,
江韵宋瞳,
池中子,
汪汪北北,
汪淼队长,
沁颉,
静梧楌,
沃部诗人,
沈朝溪,
沉着冷静咪,
沉穆乌云-十六月圆,
沐轩璇,
沐雨知空音,
沙漠二狗子,
沙雕二氧化硅,
沙雕动画完结,
沞苜,
没完没了不改了,
没尝过社会的险恶,
没有好看头像,
没有美感的设计师,
没有胖次的牛战士,
没有道德的燕麦片,
没泡芙我会死的,
没走油的走油肉丶,
没错你真的卡了,
沫惜亿,
狐柳黄白灰,
泉泉-niki,
法厄同星尘,
法厄同的暮暮,
路灯的搬运工XD,
法师必须死,
法棍勇者手游废人,
法浅寒,
泡物线,
波奇酱-Bocchi,
波妞波弟,
泥煤的昵称,
泪桥雨落下,
泼出去的儿纸嫁出去的水,
泽然Zn,
洋葱萝卜一生之敌,
洌風,
洛剑卡子,
一个洛杉矶老司机,
洛泪溟,
洛洛雨笙,
洛阳之夕,
洛雪璃灬,
洞九幺九,
活体鲤鱼王,
活在南极的热带鱼,
猫儿是大橘,
活在梦里的橙汐,
潜水羊羊,
活在阳光下是温暖的,
聪明的高坚果,
流客不知名,
流年衫,
流心苏酥,
流星宇之夜,
流萤尺间,
浅梣chen_,
浦田纯子,
一拳哥哥,
浩松陈,
浮尘寄雪,
海东青泽,
海比天藍,
海贝壳有海,
赛博老登单推人,
海野雲,
消费者热线,
千屿白川,
涛昇pa,
蓝色懒猫一只,
涤尘畅饮HCLO,
蔻蔻爱美丽,
涼城以南,
八部HCJPSM,
深夜种花的二哥,
深海利剑八一,
深海海草,
深蒼Arc,
Akuei,
深蓝车友红茶,
清丫呀,
清晨van游戏,
瑾年丶亮,
清玄叶一,
纪风笑,
清蒸盐鱼,
皓月明空星辰大海,
清风归客725,
渔夫移山,
渡个毛,
渡重洋,
温柔姐姐恩雅,
温特尔森,
温良的嬷嬷123,
AF23986,
渲染流年似水,
游戏F蛇,
游戏机制挺怪,
游淑女,
游韧攻略,
源于朝露,
源宇宙3,
源游梦,
溪南亭,
是条滑光仔,
溪荷竹汐,
溯光丶,
满分试卷加油_学习,
满山桃桃,
满脑子可爱的Sherry,
滴哒滴辣,
滹沱河c,
滿身泥濘,
漂弗不定,
漠上凉,
漠倾baaaaa,
漫步晴雨中,
漫游者Kairo,
漾无航空B9742,
漾漾爱吃西瓜,
潇潇努力干,
潘引壶的熊窝,
O猫腻了鱼,
十一躺好,
十里春风十里送,
小小冰块奶油,
层层awa,
摸不着的叶子,
林沛行,
潮汐监狱的王,
磊菌4T,
潮自信,
澄清的生石灰,
澪雅QAQ,
瀚天2077,
胆小鼠残梦,
火乐菌,
火次1,
火锅年年不要钱,
灰浅冈,
灰溜溜儿,
灰灰大王666_,
灰色森灵,
灵活的月半子77,
灵辄辄,
炎宇t,
炎日西時,
炒鱼,
炜呀,
炸天箫炎,
点点の时光,
点赞的事情怎么算白,
烈豹乔亚,
烈阳男子重度依赖,
烊烊深度睡眠中,
馬馬雨,
烦恼休息,
烨汁冻,
热爱和平的小董同学,
热风真香,
焖鸡兄,
焚心千劫,
焠弦,
無聊又邊緣的普通人,
行走的詩,
焦小梅琳娜,
焦脆鲨,
焱垚焱垚3456,
照见未来,
煮马鱼_别念ID求求,
熊大shine,
燃近,
偏执藤壶,
燕归环,
燮蹀攀援,
爆抽劳王,
万能の奇奇,
爆炸小刺根,
爱兰德尔红豆泥,
爱兴奋的米老鼠,
爱冰哦,
神刀现,
爱吃松松面包的松松子,
爱吃柠檬嘞,
爱吃老王的鼻涕,
爱吃莫迪的饼干,
爱喝柚子茶喵,
阿冉的N次方,
爱喝胰岛素,
爱好是洗澡,
爱学习的老贝贝,
爱思考的音乐任,
爱慕砂紫,
爱打玻璃胶,
爱斯基摩土著人,
爱普泰克网易拍DV8600,
爱玩gal的ID,
爱笑的chen同学,
爱笑的尸体,
爱笑的枫,
爱路的洗切兵,
爷永远喜欢JK触发器,
片-------爿,
牛汤的幻想,
牛牛娃呀,
牛魔王元元,
牢吴鸭,
牢大牢二肘法信仰玩家,
牧牡大魔王,
撰,
特玛头拒绝成为番茄酱,
周一好困困困,
犯困的爱德华,
狂岚不息,
狂飙1号639,
狗与弟的日常,
狗头砖家,
狗子小恶是也,
狗狗的辅助手枪,
狗都不当研究牲,
狭狗,
无敌的海蛇,
狮心人A,
狮王冰冰,
狸猫_M_,
发霉的记录,
狼的追随者,
狼蛛键盘垃圾做工,
猛Do,
猪偶偶偶,
猫吃鱼_鱼爱猫,
钢牙杨,
猫团在画本,
猫妖拦路打劫交出欧气,
猫猫gy,
猫猫叹气__,
猫猫爱薯片,
猫脑袋鹰,
猫跑得比你快,
王徵羽iiwi_,
王木木_IHIL,
王末--末终,
玗藴,
玩偶Hongkong_Doll,
珊珊chily,
珍珠翡翠白钰粥,
帆儿啦儿啊,
理想是成为上帝,
喵彑菌,
琉璃若梦丶,
琥珀炸鸡啊,
琳奥森,
琴心灬霓裳舞,
瑪奇瑪灬,
璃奈板板rin,
一位注定成王的骑士,
璎泠,
瓏一,
瓦尔登湖水怪,
瓷砖电视,
海镜尧,
载易杞,
甜君大人,
甜梦风breeze,
生冰的冰人,
生盐诺亚_Official,
田所浩-1919810,
由纪Yukisnow,
申承焱,
画心还,
略略略-547,
略略略哎呀好气啊,
番茄CrystalVibes,
疏影流金,
疏篱淡月寒鸦,
疯子1040,
疯狂的阿孜猫,
針不綽,
疯狂衡灵,
瘦月疲夜,
癫猫Crazy_Cat,
白予诗-,
白云飘的好敷衍,
白哔哩,
白嫖怪2025,
白开水号河,
白弓米弓粥粥,
白李呀,
荷华千言,
白泽冰bling,
白琳bailin白,
白白大闹小卖部,
白白白白盖,
白白蒙,
白百心百灵,
白米东,
白羊YHCC,
白色天空之下,
白芷江淮竹,
白蒲水烧,
白虎山居士,
白衣渡江丿,
白风QAQ,
百变的男桑,
皆有各自的月亮,
皮皮的油豆泡,
盐水发生,
盘旋的千眼,
盟钴上单,
直升机器,
相信光y,
平凡friend,
相嬗于无尽,
相隔距离是次元,
看到我名字的欧气满满,
看起来有猫病,
真主three,
真理与酱油号,
眠雾_乐,
眨巴眨巴眼睛真酸涩,
眷霜天,
眼睛不太舒服,
眼里只有蓝色,
睎光,
睡不醒的奶糕,
督导提醒,
瞎元,
瞎学的疏忽,
瞧这个,
赫白同学,
矢速Velctor,
知名TACOS鉴赏家,
知秋繁星,
短尾鹊,
石头见到-布,
石猫四,
碰壁碎冰当啷响,
碳二氢六氧,
碳化硅猫silicon,
礼声闻未艾,
社恐人永不言败,
社椒牛柳,
祁䌾,
祈司喵,
祈愿_KL_,
祈鸢Iris,
祖安再逃看门老太太,
祝水秋叶,
神仙马老六,
神圣小黑猫,
神奇--阿呦,
看到学习请叫学习去我,
神奇小猪搞笑集,
神奇的小H,
神棍喵大师,
神様かみぃさま,
神知道怎么想,
神秘的旅行者O_o,
神秘眼镜猫头鹰,
神秘醉步男,
神级HC,
神里只因,
bili_41564694824,
福禄桐生,
禹昼初欣95,
禹逍遥,
秉烛夜游Ⅱ,
秋日の祭,
秋氤夏氲,
秋沐楠,
秋澜秋岚,
科幻君,
秦丙辰,
Xetag,
暗码编号24,
秦岭亚非不是梦天玲雅,
秦川一叶舟,
秩序之光合作用,
称之奇迹,
移舟七星,
種花兔,
稳得一zz,
穆小泠0fficia1,
逆梦meow,
空想大梦,
空洞惑星,
空灵-Ethereal,
嬴阕,
空空淡淡,
空青法木,
窗外一,
窗外珠箔窗里月悬,
窝在哪里啊,
窝才是老大,
白日幻想家甜长,
窝西答辩罐头,
立青家里没矿,
竹林一风,
竹筠丶,
竹马lio,
笑也算时间哦,
笔电冷却攻城狮,
笙樂家,
等待鸡年,
筛芒,
筠濨,
简帙,
箱穗,
米凹米奥,
米奇妙妙屋159,
米寳寳,
米糖ovo,
潇逸z_,
米缸边缘的思考者,
粉红大蝠鲼,
粉色LJJ,
糖什亓,
糖糖和墩墩,
系wawa,
XAINGg,
系统审核通知,
我是广东人,
系统提示该用户已下线,
紀ー,
T-D-Lemon丶1900,
紅い瞳に,
紙神かみ,
素素0513,
索夜雨烦,
紫夜鎏金,
紫禁电慢CestmoiJzANG,
紫筱Sa,
紫色系大风车,
紫轩雪蝶,
繁星有名,
阳阳最萌,
红神冰可乐,
Dr-Loom,
纪纪纪纪纪华,
纯情小狗我的爱,
纯爱牛头人MAX,
纯粹牙牙,
纳格夏洛克福尔摩斯,
纷扰趋静,
纷沓江道,
纸窗亮着,
纸羊papersheep,
纸飞机papl,
funchy-y,
终不似少年游xx,
终究宿命一塲,
绘一帧江山画,
绘梦星游,
给你变成小傻子,
老板来碗卤蛋,
记得叶贝妮曾经爱过你,
绝顶豆腐块,
绮梦纸缘霭,
绯兀兀兀,
绳索的主人,
绽放的终点,
银的艺术,
绿瓜三明治Command,
绿眼珠子HuaHua,
缄言3636,
缅腆猫,
缥缈孤鸿_,
罐装史莱姆,
网卡又重连,
罗二狗_,
罗卜林卡,
罗非鱼p,
罹难烬,
羊羊家的观影树屋,
美好Brave,
美猴王王女士,
美男子派大星,
美绫子,
8012大当家,
美羊珜,
羽語於愈,
翎青盼水,
秋水伊人186,
老A阿,
老六之皇,
老弥hyhx,
海沐燕,
老手勾大爷邓肯,
老酸檬,
改一个名字要我6个币,
耿直的鱼丸,
联合利华中国,
聪明の焕式,
肆意丶梓,
肉揪揪肉肉,
肥脸兔子,
背景人路人丁,
胖乎乎的金毛,
胖虎起飞,
胖虎酱啊,
迈耶诚不欺我,
胡义库保,
胡尔魔辉,
脑干失想史,
脑洞之巅,
脸皮真疼,
臣妾百口莫辩_,
自由海风mushroom,
至仁至善至高至强-,
54131254,
至夏Aurora,
致敬清掘宗,
與貳煕,
舍車shegy,
航zyh_,
艸花椒的喵酱,
艾伦只爱自由,
艾尔西荅,
艾拉凫鱼,
艾斯家的喵喵,
艾瑞婵娅,
艾育黎拔力八达,
芋泥bobo奶茶10086,
芋粥唱晚,
芒果mg果,
莫克雷德,
芙宁娜の佩佩,
芝麻烩TOAST,
竹染580,
花化四月,
花椒味儿相柳,
花生3号,
花生酱喂,
香爵可爱毛豆,
花糖有多甜,
花草橘子,
苏既白-,
苏润就叫苏润,
苏筱哲,
苑来卉这样,
若樱roling,
若逗道人,
苯SY-冖冖子,
苹果派321,
范德彪秀念,
茉茗YT,
茉莉momo627,
茜が散り残るを,
茨威格死于昨日世界-,
茶几上的杯具与餐具,
茶杯里的非鱼,
茶橘reo,
茶茶stella,
茶餐厅在逃夜宵,
草莓秋千-,
荒野乱斗赵小R,
隐形的伙计,
药泥在这烧包,
莆田神雕大侠,
莎士比亚迪迦,
莓果炒鸡大饼,
莱茵钢化膜,
莱韫_spring,
莲业XZ,
莲花楼下留兰花,
菊然是令耶,
菜鸟就是小菜鸟,
菠萝不吃密,
華里河,
萌山海,
萌渣炸,
萌特娇圈,
萌球之星,
萝卜酥哦,
萨沙不会死,
幻小翼,
落喀lokka,
落日入东海,
落花如簇,
落菓菓,
董小姐是暖妹,
董角田2778,
葵奎是你一爹,
蒋在野,
蓄谋已久啊,
蓝小兰丶,
蓝星诗,
Larutan-,
蓝桉是一中的蓝,
蓝色婷妮,
蓝色林木,
蓝莓山药要尿尿,
蓝阳仔,
蓝颜_知已,
ZEX泽曦,
蓝鹰小旋,
蓦然如风,
蓬松女士,
蔚海彦彦,
蔚过留痕,
蔻德n,
蕴漾,
蕾姆-22,
薄荷薄荷要开花,
薇儿Tracy,
深渊教教主,
薇薇安-薇薇安,
薛佑蛋,
mendr,
薛定谔与阿猫阿狗,
御前带指甲刀侍卫,
薛定谔的萱,
薜饵小狐狸,
薯条工作站,
薯片味的彩虹,
藍海獭,
藕丙不是Orange,
不见星空不回家,
蘭陵笑笑聲,
虔洄,
虚界锚,
虚空番茄,
虫枼丶,
蚂蚁遛个弯,
蚌埠代言人,
蛙野仙人,
蛤蟆先生抑郁了,
蜜栗团,
蜜梨啵,
蜥蜴是内个,
螃螃是杯不呐呐,
螺瓷姑,
行破,
衰气的船只,
被又耽误的电影公司,
搞机推荐官,
被坑弟弄出悲催情怀,
被消耗掉的6枚硬币,
被空气绊倒,
装修小思妹,
栀无限,
褡包Q,
西伯利亚哒仓鼠,
西条七海遠花火,
西柚味的木璟花,
西瓜奶酪棒冰,
西瓜瓜g丶,
西红奇柿,
西西huuu,
清朝第一机枪手,
西郭浩然,
要十字的名字才能过吗,
要搬砖吗一元一块,
要素集成体,
覃诗00,
锐展XD,
觉觉觉觉觉晓,
觉醒之石,
角逗斯,
解压主理人,
言浔还在,
言灵枫滞,
記憶丶永葆童心,
訫梦ing,
音浪时光机,
誰よりきっと,
计算叽,
让人喜的小熊,
让子弹飛一会er,
让我猜猜康,
记住这棵树,
记得多喝水___,
记忆的碎片96,
诗酒XD,
下北沢の大天使ちゃん,
诞水弧,
三三の九です,
说好的幸福哈,
说来说去是童话,
请原地结婚__,
请叫我蓝神-,
请点击输入文字和文本,
请督促我变成学习大咖,
诺诺想吃掉,
读着倒要字名123,
月光尼龙,
谁枫,
谷祇,
豆本豆豆糕_,
卡卡贞,
豆豆栀子,
贝拉的晃悠悠,
账号2389168,
贰仇,
贰寻-,
贰次类人元,
贰陆难取名,
贺虞yuu,
贾斯汀jjj,
赎罪漫馆,
赛克斯比克_Saxbik,
赛博报丧人,
赛鸽不是电动车,
走召走召走戉走戉,
赵小泉儿,
赵本山本山哈哈,
起个名字也太难啦,
超大号的柠檬,
超文艺技术宅,
超无限Superstorm,
超爱鸡丝凉面,
超级人参哟,
超级芒小果,
超级馅饼大盗,
超级鹅鹅花,
超超超要努力吖,
风三月柒,
超高校级的茶理,
越予歌,
越供但共,
跛浪,
路人小涵,
路任甲甲甲,
路痴嘟嘟鱼,
路西法ym,
路过瞅你一眼的一只汪,
路飞双修的游戏佬,
蹦齐恰卡,
身堅志殘的小林,
躺平-柠檬,
躺平猫猫吖,
转接线1226,
转生成核反应堆,
转角巷子里的猫,
软糖好吃吗讨厌世界版,
轻软的有关系,
辛弃疾_yyds,
辛普_祯,
辞旧先生-,
辰CXN,
辰子昂-BG4MAX,
辰星SAMA桑,
辰睡时刻ASMR,
过热的史莱姆,
近余菌,
还在抽传统香烟,
还是打不出字,
这一炮以示主权,
这个世界贼傲娇,
这个人很能活,
这个杀手是只羊,
那咋了和你有什么关系,
这是一个好good的名字,
这是何物哇,
这沙U子呀,
这白很云_云白,
这里是麒麟啦,
进击の技术宅,
连吃五碗米饭,
连山黛_Eleven,
述麓,
迷之歌,
乔瑟ジョゼ,
九时烛,
日暮奔赴,
迷人的骨折眉毛,
迷茫的地球人,
迷茫的寻路者,
追忆黄昏,
追梦少年张三,
逆光丶追影,
逆子打为父,
逆风的散羽,
逍遥一朵小毒花,
逍遥风ShiaoYao,
進撃のJAVA,
逸云隐鹤,
遇事不决_君子不救,
邀祈百千年之约,
那就这样吧人类,
就叫小蛐蛐,
那是我的铜锣烧,
那边那个星星酱,
木对啃,
邵九璃,
邹临,
郁郁林中树丶,
郁闷的豌豆,
郑小桁想升6级号,
郑茶色,
郭zt,
飘子和阿飘不认识,
郭郭1012,
郲LAI,
酒場レーダー,
酒茱萸醉酒,
酥酥TAN,
M3rcuryzz,
酷吗酱,
醉仙乄肝爆,
醉里挑灯做梦,
釅Y,
采菊不成采了个滚木,
重拾_星光,
野粿酸酸酸,
孤独丶吃喝玩乐,
野靍,
金德翼Golden_Daley,
bl_box,
一只谷人-Guren,
夜鹿的不解之谜,
金越茬冶,
金開閉羅巧夢,
金鱼rrr,
銀河鉄道の企鹅,
銄钖呀,
鎏謃獄,
钇钠呀,
钛白涂,
钟二病ng,
钢琴墩,
钢纲寄灵电影L_鋒-27,
钱树小画家,
铁达尼号的时候,
铁锅逇大迗,
铃可Link,
铭仔来也,
银河霓虹,
锁弱点是gay,
忽晚yc,
锄禾2399,
AdY一天,
键盘侠是砖家吗,
镹歧,
长日浮世,
长木椅下有只猫,
azhehe_米泽,
长河清-辽海阔,
跬志,
长满青苔的木头,
长白山楂花,
长飞不度,
门夹过的核桃吃了脑子还好吗,
闪光彰人姐,
问思_,
羽次郎奥特曼,
问酉,
问问号号号号号,
闲逛的卤蛋,
闻人雾尘,
阐述N的梦,
防控眼镜,
阳陈林,
阿勒个基米德,
阿南6997,
阿吉日记,
阿吧啦吧波叭,
阿呆是我的,
阿址今天唱歌了吗,
阿堃堃堃堃堃,
阿拉斯加牛蛆,
阿政114514,
阿斑TTT,
阿柳不六,
阿浑_Moon,
阿潇不会吹箫,
路过の沢田纲吉,
阿火丁,
阿烟炒鸡帅,
阿狄亚塔尔蔬果商,
阿琪_-_,
彬彬有礼的宾宾,
阿瓦隆啃麻瓜,
阿秋不想打喷嚏,
阿莱说哈皮是英语天才,
阿蝎罗,
阿酋RC,
阿酶米娅,
陈小二-_-6,
陌星沉潇,
陌生小狗,
限量版惠面,
院长啪啪,
除妖师珊瑚,
陽树咩,
随缘梦羽,
随风入墨,
隐绅状态,
隐身窃零食,
雨天好读书,
雨滴iii,
雨笙ivi,
雨色蔓延,
雨萤moonlight,
雨落ノ,
雨落长安夜l,
雨辰QAQ,
雪ノ下yukino1,
雪上奏,
雪中寒客falling,
雪天的绿森林,
雪染红装,
风沙温存,
雪花cbb,
雪花冰寒,
雪野风铃奈,
雪霁梦疏香,
雪颜梦妖狐,
深渊星晨happy,
零上低温_,
零戚幺,
雷伊纳Riena,
球球的大可爱,
雷伊队长,
雷欧力欧力,
雾切苗木,
雾晚柒,
需同步学同步,
霖渊4926,
青一呢,
青与知更鸟,
青丝暮snow,
虾子笼子,
青岚之后-,
青梦古灵,
青橙-C,
青空の小雲,
一颗星的夜゛,
青絮咩咩,
青芒微_美女蛇小青,
青葉蘋果,
青鲤戏石,
青龙岁暮,
静静、的雪,
面条爱喝AD钙,
韦泠峰,
音乐剧小白,
顶级独角兽,
顶级老婆厨,
顾阿小,
预制壬,
颜控的王道,
颜星糖,
颠疯召唤石,
风吹海空,
魚鱼渔虞榆,
风好大的雨QAQ,
风托起一片树叶,
风正天,
风起亦见我,
风韵犹存的三婚宝妈,
飘在太空中的风信子,
飞天xiu毛驴,
飞影云z,
飞舞鲤鱼王,
MommmXY,
飞船脏脏,
飞花泪痕,
飯糰貓咯,
饕餮小龙虾,
饭大团团团,
饭平安,
饿啦就吃肉,
香辣-牛油果_,
马子孤单单,
马小战,
马特2016,
马罕默德,
马达怪侠,
马首富B站拉票员,
驰名的帅章鱼,
骑士打,
骰子大乱斗,
歪儿一,
高贵的土嗨,
高风险玩家,
魅族科技官方旗舰店,
魔君林澈s,
魔术师的自画像,
织羽姬,
魔法Gigi,
魔物小囧,
鱼学长啊,
鱼尾鳍轻微晕,
鱼森-,
鱼渔魚鱼渔魚,
浅忆空野,
鱼糜Yomi,
鱼鱼凌凌子,
鲍灵均,
鲨鲨鲨什么,
鲸也会搁浅,
鲸惊景静经,
鳄鱼会出现,
鳐-Yao,
鳙鳙鱼_,
鷇,
鸭梨柿多的,
鸽神死体,
鹅鹅鹅T0T,
鹤04,
鹤媆,
鹰头猫lll,
鹿克夏大结巴,
鹿柯爱米fltq,
麋失鹿,
麦克的贴身高手,
麦小鼠日记,
麻烦让我去study,
麻蛋起个名字还要试半天,
麻酱鸡架,
麻麻木马嘛,
黎明后的白昼,
黑喵不吃罗非鱼,
黑塔塔别刮啦,
黑夜禁锢,
黑岩JIN,
黑川茜就是我的爱,
黑白支配者,
黑白猫诶,
黑篙,
黑绘澪,
黑芝麻蛋黄酱,
黑虎18,
黑蛋炒饭,
黑鳶,
鼠linta鸽鸽,
鼹鼠会挖洞,
鼻梁勇者,
龍檀L,
龍鬿鬼,
龘齾亹齉邉鬮麤櫜,
龙抬钰鼍,
-RobotDeathSquad-,
0011110000110011,
007T,
0311,
05senses,
0rigin,
10GuyIsDrunk,
110110,
122ninjas,
13_0_0_0_0,
15amathis,
185139,
1ceyou,
1leggeddog,
1pnoe,
1tepa1,
401vs401,
420TreeHugger,
47L45,
4alex6,
647,
6stars,
7D4Y_WEEKENDS,
7UPvote,
867stevo,
88rarely,
8bitmorals,
9000sins,
949paintball,
ABemusedHorse,
AFDIT,
ALLCAPSON,
ANAL_PLUNDERING,
ASiCat,
A_Blind_Pilot,
A_Water_Fountain,
AbbyMoriah,
Abeneezer,
Aberu,
Acenus,
Acidyo,
Acrio,
AdamSC1,
Adium,
Aduckonquack97,
Aegist,
AgeMarkus,
Agenttable077,
Ahanaf,
AhhBisto,
AibohPhobiA,
Aiken_Drumn,
Airazz,
AjdinSamurai,
Aktve,
Albuyeh,
Alec693,
AlexBeeInBim,
Alexanderr,
Alimoose,
AllMightyGuy,
AloeRP,
Always_Leaves_You_Ha,
Amandrai,
AmericanDerp,
AmiroZ,
AmunRa666,
Anadyne,
AnalogDan,
Anangrychip,
Ancel3,
AndrewPresnal,
AndySocks,
Andy_Glass,
Andypwns,
Anheroed,
Animedingo,
Anitor,
AnnArchist,
Anofles,
AnotherClosetAtheist,
AnotherCrazyChick,
AnotherSmegHead,
AppleBlossom63,
ArabRedditor,
Arachnatron,
ArchChisUm,
ArchangelPT,
ArchmageJesus,
Areat,
Armonster,
Artrw,
Arve,
Asassin4TW,
Aschebescher,
Ashanmaril,
Asmor,
Aspel,
AtTheLeftThere,
Atari1337,
AtheistAgnostic,
Atled,
AtomicDog1471,
Atomicbob11,
AtomikRadio,
AuPhoenix,
Autopilot_Psychonaut,
AwkwardDev,
Ax3boy,
Azor2500,
B-Jamz,
B33sting,
BB2921,
BDCanuck,
BIAATTCH,
B_anon,
BaconZombie,
Bacon_Man123,
Bad_Zoo_Boy,
BadgerGecko,
Bank_Gothic,
Banko,
BanksKnowsBest,
BashfulArtichoke,
BeBenNova,
Beave1,
BeefPieSoup,
BeerIsMyFriend,
BeingDS,
BelmontZiimon,
BenitoBro,
Bennyhick,
Bergolies,
Bersonic,
Bert306,
Big_Theta,
BiggityBates,
Biggrodd,
BillOneyPaige,
Billobatch,
BioGenx2b,
Bioluminesce,
BionicSammich,
BipolarBear0,
Birch_Tree,
BitchesLove,
BkkGrl,
BlackBrown123,
BlackNut,
Blackglade,
BlameTheHippies,
BlindStark,
BlorfMonger,
Bonya,
BoonTobias,
BoredomCalls,
Boredom_rage,
Bortjort,
Bpbegha,
Brak15,
Brandonspikes,
BravoTeam127,
BrazilianRider,
BreakfastBurrito,
Brendancs0,
BrianTheLady,
BritishEnglishPolice,
British_Monkey,
BroccoBaba,
BrosEquis,
Brownt0wn_,
Browsing_From_Work,
Brutalitarian,
Burgerkrieg,
BusyPedro,
ButSheLooked18,
CARDTRICKSTER,
CGRampage,
CGWLP,
CHEEZYSPAM,
CHollman82,
CLSmith15,
COOKIEEE,
CP70,
CSRain,
CStaplesLewis,
CUB4N,
CVBrownie,
CZbwoi,
C_IsForCookie,
C_sharp_minor,
Cadoc,
Caesar071,
Caligineus,
CallMeJase,
CanadianWhovian,
Canopus_2,
CantSeeShit,
CantankerousMind,
Capatown,
CaptainGrandpa,
CaptainRandus,
Caraes_Naur,
Cardsfan1539,
CarlLady,
Carnae_Assada,
Casedilla,
Caseycrowe,
Cashrunner,
CasioQuartz,
Cerberus73,
Cern_Stormrunner,
Chairboy,
ChaosMotor,
CharlieBear26,
Charwinger21,
Chastain86,
CheesyChips,
Chef_Kevorkian,
ChemEBrew,
ChemicalOle,
Chewie316,
ChickenPotPi,
ChingShih,
Chompski1213,
Chuckgofer,
CityWithoutMen,
Clark-Kent,
Clarketk,
CleanBill,
Clint_Swift,
Clit_Commander,
Clockwork757,
CoCo26,
Coaltrain2371,
CobaltSmith,
CodenameCaboose,
Codidly5,
Codyyblake1,
Coenn,
Cohtoh,
ColonelMolerat,
Commander_Ninja,
Conash,
Condhor,
Cookiemobsta,
CoolGuySean,
CoolRunner,
CoolVito,
CopEatingDonut,
Cordicuss,
Coriron,
Corpsman223,
CountGrasshopper,
CptCoatrack,
CptTremendous,
Crazysaxycool,
CressCrowbits,
CrowKaneII,
Crux315,
Cruxius,
Cryptic-Panther,
CrypticFalcon,
Cshock84,
Cup_O_Coffey,
Cutzero,
CyanogenHacker,
CyborgDragon,
Cyc68,
CyrisXD,
CyruscM,
D3cker,
DFGdanger,
DJ_Spock,
DSice16,
DZ302,
DaItalianFish,
DaedalusMinion,
Dakar-A,
Danarky,
DangerousDetlef,
DanjerBob,
Danster21,
DarkSideofOZ,
DarkStrobeLight,
Dark_Saint,
Darrkman,
DarthContinent,
DarthMurdok,
DarthOtter,
DarthWeezie,
Darth_InvadeHer,
DashFerLev,
Dathadorne,
David_Crockett,
DeanOnFire,
DearSergio,
Dear_Occupant,
Deathbybunnies,
Decapod73,
Defrostmode,
Dekanuva,
Dengar,
Devchonachko,
DeviousRetard,
Devistator,
DiabolicallyRandom,
Dial-A-Lan,
Diamano,
Diasparo,
DickRhino,
DisregardMyPants,
DivineIntervention88,
DoTheEvolution,
DocJawbone,
DoctorHeadshot,
DodiGharib,
DomStud,
DominicDom,
Doomburrito,
Doomed,
DougDante,
Doxep,
DrRodneyMckay,
DrSnaipa,
Dr_Oops,
Dr_Sandvich,
Draedgal,
Dragonfire138,
Dragonic2020,
Dreckerr,
Dropbear81,
DrossGnostic,
DubTeeDub,
DuckDragon,
Dudwithacake,
Duke_of_Chutny,
DumaDuma,
DuncanDonutz,
Dunskap,
Dvdrummer360,
Eat_Bacon_nomnomnom,
Ederek_Cole,
EdgarAlanPwnd,
Edibleface,
EditingAndLayout,
El_Pinguino,
Elchidote,
Electri,
Elesium,
EliteHunting,
Emayarkay,
EmceCocks,
Emmanuell89,
Emperor_NOPEolean,
EpicCookieMan,
EpicRageGuy,
Eraser1024,
Escobeezy,
Etonet,
EugeneMJC,
EunByuL,
Evadregand,
EvalJow,
EvanC313,
Executioner1337,
Expert_on_all_topics,
ExtraPlus,
Extract,
Extraltodeus,
F1A,
FAderp91,
FUCK_YEAH_DUDE,
FadedFromWhite,
Fadic4,
FakeChowNumNum1,
Falkner09,
Falldog,
Faneste123,
FarSide792,
FauxShizzle,
FearMeForIAmDan,
FelixR1991,
FellKnight,
FenrirIII,
Fergals1107,
Fibonacci35813,
Finnishalzheimerskid,
FishBonePendant,
Fishooked,
FizzCrack,
Flatline334,
ForScale,
FortuitousAdroit,
FrailRain,
Frankeh,
Frankfusion,
Frashizzle,
FredWampy,
FrenchieSmalls,
Freshenstein,
FriesWithThat,
FullSizedForks,
Fun1k,
FuriousLamb3,
FusionX,
FuzzBuket,
Fuzzymuzzy,
GEN_CORNPONE,
GFandango,
GODDAMNFOOL,
Galaxyhiker42,
GallifreyanRavenclaw,
GamerKingFaiz,
Gaston44,
GeauxHouston22,
Geckos,
Gehalgod,
GeminiVI,
General__Specific,
Genesis09,
Gengar11,
GenghisKhanX,
GeniusIComeAnon,
Gfresh404,
Gimme_The_Loot,
Ginganinja888,
GiveMeBackMySon,
GlenThen,
Glonn,
GoFlight,
GoblinTechies,
GodOfAtheism,
Goldd,
GoldenGonzo,
GoldenMoe,
Gonza200,
Goochiman,
GoodLeftUndone,
GoogaNautGod,
Googunk,
GrandmasterSexay,
Grant638,
Grapeboy,
Grays42,
GreenDirector,
GreggoryBasore,
GreyMatter22,
Grimmbles,
Grimsonite,
GrixM,
Growing4Freedom,
Guest101010,
GuidoZ,
Guilty_Spark_117,
HDATZ,
HINDBRAIN,
HITMAN616,
HIVEvali,
HadManySons,
Halaku,
HanktheDog,
HappyManatee,
HasNoClue,
HawkFood,
Hawk_Blue,
Hax_,
HaydenTheFox,
Haz3rd,
He11razor,
HeavensNight,
Heelincal,
HeezyB,
Hesherkiin,
HeyItsJay,
HighwireAct,
HonoraryMancunian,
HooptyDooDooMeister,
HorizonShadow,
Hotwir3,
Hoyarugby,
Hrodrik,
Hurinfan,
HurricaneFan13,
HyperspaceHero,
HyphyBonez,
I922sParkCir,
IAMA_SWEET,
IAMHab,
IAmAnAnonymousCoward,
IAmNotJoshua,
IByrdl,
INGWR,
IRunIntoThings,
ITEM_NINE_EXISTS,
I_LOVE_SHEEP,
I_did_not_rape_her,
IamBOXBOY,
Iamien,
IamtheOceanAMA,
IanRankin,
Ieuan1996,
Ihearcolor,
Iheartdragonsmore,
IlCattivo91,
Illuminatesfolly,
Iloldalot,
Ilovewhatredditdoes,
ImNotAnAlien,
ImNotJesus,
Imanari,
ImminentFate,
ImurderREALITY,
InTheBay,
Inane_Asylum,
IncidentOn57thStreet,
Indy_Pendant,
InhailedYeti,
Innova,
InsightfulLemon,
Integralds,
InternetLoveMachine,
InternetNinjacy,
InternetTourGuide,
Ipskies,
IronA1dan,
IronOhki,
IronOxide42,
IsNotANovelty,
ItWillBeMine,
ItsAFuckingCrocodile,
Izick,
J-DawgDBZ,
JALsnipe,
JBHUTT09,
JDawg2332,
JHoward777,
JMaboard,
JOEY2X,
Jadis4742,
JakeBurnsRed,
JakeSteam,
JakeSteele,
Jaksongitr,
JamesOfTheYear,
Jamesev93,
Jamy18,
JangSaverem,
JaseAndrews,
Jaxkr,
JayTbo,
Jazzy_Josh,
Jdban,
Jedi-Mocro,
JeffMcBiscuit,
Jimbobmij,
Jmgill12,
Jobeanie123,
JoeDaEskimo,
Joelsaurus,
JohnMLTX,
JonLuca,
JonnyBrah,
JoshAndArielle,
JoshuaLyman,
Juffin,
JustAnAvgJoe,
JustAnotherRedditor1,
JustCallMeJoker,
JustTVsFredSavage,
JustZisGuy,
Justicles13,
Justintime233,
Justmomsnewfriend,
KOWguy,
KUmitch,
Kadrik,
Kaer,
Kakoose,
Kalfira,
Kattzalos,
Kavec,
Keeks_marone,
KerrickLong,
KeruxDikaios,
Ketrel,
KevlarYarmulke,
Khatastrophe,
KilgoreTroutQQ,
KillEmAll83,
Killgraft,
Killhouse,
Killjoy4eva,
KingGeb21,
King_of_the_Lemmings,
Kingelmobap,
Kingtorm,
KizzyKid,
Knuk,
KoRnyWayz,
Kolumbz,
Kongo204,
KosherNazi,
Kromey,
Krusiv,
Kuklachev,
Kuonji,
Kuro_yami,
Kwasbeb,
Kylde,
KyleKingCDN,
Kynaeus,
Kyraden,
L2attler,
LFryo,
LG193,
LHoT10820,
LKS,
LagunaGTO,
Lancaster1983,
Langly-,
LaugeGregers,
Laurentius_the_pyro,
LawBobLoblaw,
LawrenceLongshot,
LazarusRises,
LeSpatula,
Le_Reptile,
Leadboy,
LeanBean17,
LeetModule,
LegendaryJay,
LelahMunster,
Lepertum,
LerithXanatos,
Lesmothian,
LewisKiniski,
LiiDo,
Likes_Information,
Linksawake,
Lion10,
Liquidkp,
Literati,
LittleTillyFooFoo,
Live4FruitsBasket,
Llim,
Locusthorde300,
Lokipokie504,
LoneWolfComando,
LordAnubis10,
Lostinwords,
Lostinyourears,
LowSociety,
LowlifePiano,
LoyalTillTheEnd,
Lucavious,
Lumpzor,
Lupinefiasco,
Lygar,
LyleLanley99,
M374llic4,
MFBATZ,
MHoffy,
MJsdanglebaby,
MKorostoff,
MNGaming,
MSaadJilani,
MaBay,
MadScientist14159,
Madonkadonk,
Madous,
MadroxKran,
MagicSandwich27,
Makinporing,
ManWithoutModem,
Man_with_the_Fedora,
Maple_D,
Marduk96,
MarioneTTe-Doll,
MarkBC,
Markus_Antonius,
MasCapital,
Master-Thief,
Master_mind_,
Mates_with_Bears,
MathGrunt,
Mattho,
Matti_Matti_Matti,
Mattxy8,
Max_W_,
Maxrdt,
Maxscape7,
MegaHz,
MentalToast,
MercurialMadnessMan,
Meriis,
Meshiest,
MessiahX,
Metaphoricalsimile,
Mewoko,
MichaelJahrling,
Micosilver,
Mictlantecuhtli,
MidwestDrummer,
MikeOfThePalace,
Miketheguy,
MileHighBarfly,
Milhouse_is_a_meme,
Minifig81,
Miroudias,
MisssBadgerEnt,
MisterGone5,
Mitcheypoo,
Mixed-Signals,
MoarBaconStrips,
Modestjake,
Mogwoggle,
Moncole,
MonksWithSticks,
MonsterIt,
MootBear,
MrCobaltBlue,
MrDanger,
MrDubious,
MrFantasticGDB,
MrFlagg,
MrGoodGlow,
MrLadyfingers,
MrLeekspin,
MrMango786,
MrRykler,
MrVonBuren,
Mr_A,
Mr_Philosopher,
Muscles_McGeee,
Mustaka,
Muter,
Mx-yz-pt-lk,
Mxrgan,
Mybrainmelts,
Mylesd13,
Myrandall,
Myte342,
MythOfLight,
N4N4KI,
N8CCRG,
NMeiden,
NahSoR,
Naly_D,
Naruhodo,
Native411,
Natural_RX,
NegimaSonic,
Nekrogoblikon,
NeonFights,
NeroJoe,
Nesyaj0,
Nethervex,
NeverOC,
NeverrSummer,
Nicb903,
NilCealum,
Ninjatertl,
NoahsArcade84,
NominalCaboose,
Nomlin,
Nondo,
NonstandardDeviation,
Noreaga,
NoseFetish,
NotARandomNumber,
NotJordy,
NotSayingJustSaying,
NotSoSlenderMan,
NotYourMothersDildo,
NotaMethAddict,
Notmiefault,
Novasry,
NunsOnFire,
OHAITHARU,
OPKatten,
OVdose,
Occupier_9000,
OccupyMyBallSack,
Ochobobo,
Oderdigg,
Ohh_Yeah,
Ohsin,
Oiiack,
OldPeopleHateMe,
Omar_Indeed,
Omnifire,
One_Giant_Nostril,
Onlyhereforthelaughs,
Operatics,
Orangemilk,
Orangutan,
OrgasmicKoala,
OstriNarwhalForce,
Otters4455,
Ottetal,
Ovedya2011,
OvidPerl,
Ownsin,
PR3CiSiON,
PSIStarstormOmega,
Pabl0Esc0bar,
Pabrunthhu,
PabstyLoudmouth,
Pandalism,
PantsHasPockets,
Papa-Lazarou,
PapaPetro,
Paradox,
Pareeeee,
Parodoxez,
Patrick5555,
Patrick_the_Saint,
PdoesnotequalNP,
PeacePig,
Peacockblue11,
PenName,
PenguinCowboy,
Perk456,
Perma,
PerplexD,
PeteDarwin,
PeterPorky,
Petrarch1603,
Pezking343,
PhiladelphiaIrish,
Philipp,
Phritz777,
Phydeaux,
Pickle_Jr,
Picklwarrior,
Piemonkey,
PiggyWidit,
PingPing88,
PinkMonkeySlippers,
PinkPajamaPenguin,
Pizza_The_Hutt,
PlNG,
Platinum1211,
Plowbeast,
Plumerian,
PokemasterTT,
PokerFace247,
PolarBurs,
Pooh_Bear,
Poptorts,
Portgas,
PortixArsenal,
PotatoMusicBinge,
Pots_And_Pans,
Pravusmentis,
Prcrstntr,
Pressedlee,
PriitySiick,
PrimaxAUS,
PrincessPi,
ProbeIke,
Procrasturbator11235,
ProfessorCaptain,
ProfessorMcHugeBalls,
ProjectDusk,
Proportional_Switch,
Protuhj,
Proud_Denzel,
Psychic_Monkey,
PunPuncher,
Purecheetodust,
PuroMichoacan,
Pwnacus_Maximus,
Pyrao,
PyroSpark,
QWERTY36,
Qingy,
QuoteOfTheHour,
Qusqus73,
R3miel7,
R3p3rTh3l3n,
RAGErER,
RDR911,
RPMiSO,
RRuS,
RSismylife,
RackballJoe,
Ragozi,
RainieDay,
Rainieri,
RalphiesBoogers,
RamsesThePigeon,
RandomName01,
Random_Fandom,
Randyh524,
Raual,
Ravage123,
Rawtashk,
ReactionDude,
ReallyForeverAlone,
Reavus,
RedHerringxx,
RedManDancing,
RedPaintedHouses,
RedSeven4,
RedSquaree,
Reddhedd13,
Reddit-Hivemind,
RedditINator70,
Reed18,
ReesesForBreakfast,
Rejexted,
Remdawg,
Reminemaril,
RenegadeSpade,
ReplyYouDidntExpect,
RepostFrom4chan,
Retawekaj,
Retro21,
RevWaldo,
ReverendVerse,
Rhaps0dy,
RhapsodyQ,
RhettS,
Rhythmic,
Rickolas,
Riddla26,
Rlight,
RndmHero,
RobertF23,
RobotKitten,
RockasaurusRex,
RockyCoon,
Roflmoo,
Romulet,
RossD123,
RotatorX,
RoverDaddy,
RoyallyTenenbaumed,
Rubb3rDucky,
RubyRod,
Ruddiver,
RufusMcCoot,
Russbear,
Ryan2534,
Ryan_Konky,
RzK,
SCARfaceRUSH,
SCHROEDINGERS_UTERUS,
SIThereAndThere,
SMUT_ADDICT,
SOwED,
SPAZZEH,
SQ_Minion,
SSChicken,
SSII,
SSJwiggy,
SW4506,
Sabenya,
Sabvegas,
SadDragon00,
Sagerian,
SaggyBallsHD,
Salanderson,
Salsadips,
SaltyChristian,
Sam1r,
SamMee514,
Samamaniac,
SambobmaS,
Sampo,
SamuraiJakkass86,
Santa_Claauz,
Sanwi,
Sariel007,
Sarke1,
Sasquatch99,
SaxSalute,
SaxyTimeReloaded,
Scarytownterminator,
Schnapplegangers,
Scorch8482,
Seamannator,
SearchNerd,
Searchlights,
SebbenandSebben,
SecularScience,
Seikoholic,
Selcouthit,
Semen-Thrower,
SenorFluffy,
SeriouslyLaughing,
Servious,
SetYourGoals,
SethBling,
SevFTW,
SgtMaj_Obvious,
Sgtstudmufin,
Shagga__son_of_Dolf,
ShaidarHaran2,
Shaleensinha88,
ShamefulIAm,
Shanesan,
ShaolinShade,
ShezUK,
Shilo59,
Shizo211,
Sidekicknicholas,
Sidetracking,
Sidewinder77,
Sightful,
SikhGamer,
SilverAce88,
Simbrian,
Simcom,
SimonPlusOliver,
SimonSays_,
SimplisticX2,
SirSchilly,
Sir_Dr_Dickface_IV,
Sir_George,
Sir_Llama,
Sirbinkai,
Skanh,
SkeptiCalhippoh,
SkippyWagner,
Skrillex4ever,
Skylerguns,
Slashered,
Slayner,
SleepySheepy,
SlimeHudson,
Slippyy,
SlyyyTendencies,
Smaktat,
Smipims,
SmokehTheBear,
Snak_The_Ripper,
SnakeyesX,
Soccer21x,
Software_Engineer,
SolKool,
SolidKGB,
Sommiel,
SonicWafflez,
SoundManCO,
SpaceAzn_Zen,
SpaceOdysseus,
Spam4119,
Spamsational,
Spartancarver,
Spastic_colon,
Spezzle,
Spineless_John,
Splatterh0use,
SplodeyDope,
SpookyAssGhost,
Sporkinat0r,
Sportsfanno1,
Spungey,
St1cks,
StarHarvest,
Steel_Ninja,
Stellar_Duck,
Stenzy,
Stewie977,
StickleyMan,
Strader69,
StrawberrieDream,
StutMoleFeet,
SubtleMockery,
SubzeroMK,
SuckingDiesel,
Superego366,
Sutekhy,
Sweddy,
Swede_Babe,
Swiss_Cheese9797,
SybariticLegerity,
Syfilms64,
TCBloo,
TEmpTom,
THE_BANANA_PALADIN,
THLycanthrope,
THeShinyHObbiest,
TROPiCALRUBi,
TTSDA,
TTTNL,
TWI2T3D,
TacticalSandwich,
Taedirk,
TangoZippo,
TankorSmash,
TareXmd,
Tarkaan,
Tater_Nuts,
Tattered,
Tauna,
Tdeckard2000,
Technolog,
Teckel22,
Tegyukfel,
TehEmperorOfLulz,
Tenstone,
Terox15,
TestZero,
Thai_Hammer,
ThatSodomite,
TheAmazingSkoof,
TheBioself,
TheBird47,
TheBlazingPhoenix,
TheCakeDayLie,
TheCl0ne,
TheCrazedMadman,
TheDarkishKnight,
TheDuskDragon,
TheEmbernova,
TheFifthCan,
TheForceiswithus,
TheFugget,
TheFullMonty1394,
TheGreatCthulhu,
TheGreenShepherd,
TheMagicLlama,
TheMellowestyellow,
TheMorningDeuce,
TheNateMonster,
TheOneTrueCripple,
ThePantsThief,
ThePipes123,
TheRagingHerp,
TheRealCalypso,
TheRiseOfMaths,
TheSheepdog,
TheShittyBeatles,
TheSimonToUrGarfunkl,
TheSimpleArtist,
TheSpiffySpaceman,
TheSuperSax,
TheSwedeIrishman,
TheWaterTemple,
The_Bhuda_Palm,
The_Doctor_00,
The_Lolbster,
The_Messiah,
The_Other_Other,
The_Reverend,
Thefriendlyfaceplant,
Their_Police,
Theropissed,
ThorBreakBeatGod,
ThraShErDDoS,
Throwaway_4_opinions,
Thunder-ten-tronckh,
Thunder_Thighs,
Tiberius666,
TickleTh1sElmo,
Timisaghost,
Timmybee,
TitanicMan,
ToBadForU,
ToThisDay,
Toliver182,
TomMorrow2,
TombSv,
TooDrunkToTalk,
TooSmugToFail,
TopHATTwaffle,
TopScruffy,
Topper2676,
Toriankel,
Tox77,
TransPM,
Travv,
Treviso,
TrevorSarazin,
Trickish,
Tripudelops,
Trojanbp,
Tuco_bell,
Twenty8k,
Twice_Knightley,
TwisterAce,
Twitch89,
TwoPlanksPrevail,
TyPiper93,
TylerDurdenJunior,
TylerL320,
Tynictansol,
TypicalHaikuResponse,
Tzpike05,
Uber_Nick,
Ultravod,
Unboxermail,
UnhiDEER,
UnholyDemigod,
Unicornholio,
UniverseAtLarge,
Urschleim_in_Silicon,
UseWhatName,
Usht,
VZW_Matt,
VaccusMonastica,
Valdair,
Valtieri,
Vegerot,
VeinyPickle,
Vergil25,
VictoriousPR,
Vincent_Karma,
Vindexus,
Vinsanity9,
VoRicebowl,
VolumeZero,
VonAether,
Vorchun,
Vpolne,
VulcanRyu07,
Waddupp,
Wagosh,
Wailordfan,
Warhawk_1,
Warlizard,
WatersofNazareth,
WhatTheFDR,
Whoa_Bundy,
WholeWideWorld,
WideLight,
Wilhelm_III,
WinterCharm,
Wisdom_from_the_Ages,
Wizuhd,
Wolven49,
Wolvenfire86,
Womec,
WoopAhhh,
WoozleWuzzle,
WyattFlem,
Xanthon,
XavierMendel,
Xemeriba,
Xenophon1,
Xeon06,
Xeonit,
XiKiilzziX,
XxMiKeNjD17xX,
YHofSuburbia,
YNot1989,
Yanrogue,
Yashoki,
Yawehg,
Yokuo,
YouArentReasonable,
You_coward,
YourFavoriteHippo,
YourWelcomeOrMine,
Ytoabn,
Yupitsnuge,
Z4KJ0N3S,
ZachPaj,
ZackZak30,
Zaino14,
Zappastuski,
Zarqu0n,
ZeMeest,
Zelotic,
ZeosPantera,
Zephine,
Zeratas,
ZeroShift,
Zeulodin,
Zirenth,
Zmodem,
Zutart,
_HeXagon_,
_Synth_,
_Woodrow_,
_deffer_,
_emordnilaP,
a11city,
aJarofDirt,
aMANescape,
a_posh_trophy,
aaoun,
aazav,
ab001atr,
abcleanonme,
abgafi_laffy,
abig7nakedx,
ablebodiedmango,
aboothemonkey,
absentmindedjwc,
abusmakk,
acidroach420,
acman319,
acteon29,
acusticthoughts,
admiraljohn,
adrenaline786,
adwarakanath,
aerobat97,
agapornis,
agentapelsin,
agnesb,
ahairycat-astrophe,
ahampster,
aidanf123,
ajsadler,
aknutty,
al3xwuzhere,
alan2500,
alaskanloops,
alexkoeh,
algo,
aliaschicnine,
alienth,
allgameplaya,
alllie,
allpro1337,
amadea56,
ameliamirerye,
americanpegasus,
amj00,
amorpheus,
amosko,
ancientworldnow,
andrew650,
andrey_shipilov,
andywarno,
anexanhume,
anotherDocObVious,
anticommon,
antifolkhero,
antonia90,
apatt,
apgbadboy,
appropriate-username,
arghnard,
armedNINJA,
armyn1,
arsenale,
arup02,
aryary,
asperatology,
astappaerts,
atheist_verd,
athennna,
atthegreenbed,
atticus138,
attosama,
auriumius,
austin_d,
avboden,
averad,
averagemonkey,
avicide,
awood785,
azizinator25,
aznprd,
b0red,
b33k3rz,
backpackwayne,
badblueboy146,
badbrutus,
baddonny,
badillin,
badmood247,
bahaki,
bakerie,
bananinhao,
bastiVS,
bastocrat,
battierpeeler,
baylithe,
bazzaretta,
bblemonade,
bbouerfgae,
bcr8tiveYT,
beauseph,
beernerd,
belandil,
bemmu,
benfbat,
benjamari214,
berrics94,
bge,
bigDean636,
big_tuna2,
bigshmoo,
bigsol81,
billgarmsarmy,
bitshoptyler,
bittercupojoe,
bknutner,
blacjack,
blaizedm,
blaspheminCapn,
bleachmartini,
bleedgreen96,
bleekicker,
blisstonia,
blore40,
bluetidepro,
bobbaphet,
bobcat,
bobofatt,
bobojojo12,
bojank33,
bonkeyfonkey,
boomheadshot7,
boommmmm,
boringzebra,
bowhunter6274,
bperki8,
brainburger,
brand0n,
brandonisgreen,
brashet,
brazilliandanny,
brenan6,
breticles,
brett6781,
brewzombie,
brianfizzle,
brigodon,
brilliantmojo,
bro_b1_kenobi,
brocccoli,
broccolibush42,
brodesto,
brody10123,
broostenq,
brosen87,
brownboy13,
brownmagician,
bruce656,
brumbrum21,
buck7131,
bugzrrad,
bumblingmumbling,
bundleogrundle,
bunka77,
burgplayer,
burnner_,
burnsz11,
byeberlin,
cacophonousdrunkard,
calantorntain,
caligula213,
callmecatalyst,
callmenighthawk,
cammyfawkes,
canard_glasgow,
canipaybycheck,
captainbawls,
captainstan,
captainxenu,
carmichael561,
carny666,
caross,
catch22milo,
caustictoast,
cavitycreep,
cbarrett1989,
cbfw86,
cderry,
cefarix,
celocanth13,
cespes,
cessna182er,
cfschris,
ch00f,
chancegold,
charlemang,
charles_kafka,
cheetahlip,
cheezus_lives,
chevybow,
chico12307,
chrisgelb,
chromer123,
chronic2001,
chumprock,
cjbrigol,
clawz_nd_webz,
cleantoe,
cloudedsky,
coastermonger,
colacadstink,
colinodell,
colkurtz7,
cometparty,
comix_corp,
commentsurfer,
compto35,
cookedbread,
coolhandluke45,
coolkid1717,
cooncave,
corey561,
coreyf,
cosmicsans,
cottonheadedninnymug,
cowboyhaze,
cpt_bluebear,
cptcliche,
cr5315,
craftadvisory,
craig3010,
creesch,
critcal_kurt,
crocomut,
cronos844,
crookedhead,
cubedG,
cullen9,
curbstickle,
cusoman,
cybrbeast,
cycophuk,
cyrilio,
d1dOnly,
da1inchpunch,
dabisnit,
dafootballer,
dafunkmasta,
dagbrown,
damontoo,
dan3659,
dan_blather,
danielblakes,
daniell61,
daniellemx,
dannylandulf,
danth,
danwin,
danyukhin,
daprice82,
darkpwnage,
dash101,
dashdanw,
datdaz84,
datenwolf,
davaca,
dave32891,
dave_g17,
davetbison,
david-me,
daxl70,
db82,
dbcspace,
dcwj,
ddesla2,
ddxxdd,
deadlyenmity,
deadsoldier,
deafblindmute,
deathril,
debrad1207,
decode1101,
deejaymikeyg,
deeperkyo,
demidyad,
derkman96,
desi_fubu,
deuteros,
devitodevito,
dgb75,
dhamster,
dicaxe,
dieselgeek,
dieyoubastards,
dishie,
djonn,
djspacebunny,
djweswalz,
dlogan3344,
dmk2008,
docodine,
doctor_rocketship,
doctorsound,
doluto,
don_majik_juan,
done8989,
dontbthatguy,
doodooeyes,
dossier,
doug3465,
douglasman100,
downhillmojo,
downtothegwound,
dracoirs,
dragonboltz,
dragonsky,
drock4vu,
dropstop,
drucey,
drumcowski,
drunkentune,
dude_from_pdx,
dudelsac,
dudester567,
dudewhatthehellman,
duggtodeath,
dukishlygreat,
dum41,
dumanyac,
dumnezero,
dusters,
dwaxe,
dzamir,
e7ric,
earthDF,
eatcrayons,
ebilgenius,
echeese,
ecnepsnai,
ed1380,
edwartica,
eighthgear,
ejchristian86,
el_drum,
el_monstruo,
electropulses,
elemenohpee,
elephantpoop,
elessarjd,
elmfuzzy,
elmntguy12,
elperu27,
email_with_gloves_on,
emarkd,
empw,
empyreanmax,
emr1028,
enad58,
enfdude,
englad,
eorld,
epheterson,
ephphatha,
epilis,
erviniumd,
esPhys,
eskimopie26,
essidus,
eternal_wait,
eternallylearning,
etm124,
everyother,
evoken1,
evolvish,
exatorp,
exitstrateG,
exophrine,
expert_at_SCIENCE,
expiredcheese,
explodingbarrels,
eyethinkikn0wu,
ezaviar,
f00d4tehg0dz,
facedefacer,
fact_hunt,
factor591,
fallingtopieces,
fapfap_ahh,
farquezy,
fattylewis,
fawker,
fb95dd7063,
feedthecollapse,
feelbetternow,
femaiden,
ferio252,
fernandoandretn,
filo4000,
finaleclipse,
financialbabe,
finkton,
finsup,
firstdibbz,
fishsandwich,
fishy007,
fiveandcounting,
flaim,
flippinkittin,
flippityfloppityfloo,
flipzmode,
fluffyponyza,
fmgugle4,
foamed,
foehammer111,
food_bag,
footballfan123,
footcreamfin,
foxh8er,
fozzarz,
francis_0000a,
frankreddit5,
freeogy,
freetonik,
freewibblebon,
freshmozz,
frisky_business2,
frozen-creek,
funnyfaceking,
fuzzy_dunnlop,
fuzzyblackyeti,
fuzzyferret,
g-dragon,
gammatide,
gangrenous_ghoul,
gangstabunniez,
garbageeater,
garmachi,
garv323,
garychencool,
gatsby365,
gentlemandinosaur,
geobomb,
geoffyou,
georedd,
gerusz,
ggpurehope,
ggskater,
gigglestick,
gijyun,
ginja_ninja,
giveitago,
gizmola,
gloomios,
gnashville,
gnuworldorder,
godisanatheist69,
godlesspaladin,
gologologolo,
gonzoblair,
googolplexbyte,
grandfatherbrooks,
grantmoore3d,
grapesandmilk,
greath,
greenleaf187,
greiger,
grey_sky,
grimskrotum,
grouperfish,
gryphonlord,
gt14199,
gthing,
guelahpapyrus,
gueriLLaPunK,
gzcl,
h0bb3z,
haakondafo,
hachi6,
had0ukenn,
haddock420,
hadhad69,
haikuginger,
halogrand,
haluter,
hamburglin,
hannahjoy33,
happyFelix,
happy_otter,
happycrabeatsthefish,
happytrees,
happywaffle,
harris0n11,
harry20larry,
hax2damax,
hazysummersky,
headasplodes,
hearo,
heavymetalpancakes,
held818,
henry10937,
heres_one_for_ya,
heresybob,
hero0fwar,
hestonkent,
hexag1,
hexprocess,
highintensitycanada,
hipnosister,
hippiechan,
hirashirou,
hoodedbob,
hoowahoo,
hornwalker,
hotstickywaffle,
how_would_kobe_react,
hseldon10,
huckstah,
hyperbad,
iLiekBoxes,
iLiketrains131,
iRuisu,
iSunMonkey,
iTrollYhu,
i_is_surf,
i_pee_in_the_sink,
i_post_gibberish,
iaman00b,
iambecomedeath7,
iambookus,
iamjakeparty,
iamnotfacetious,
iamriot,
iamslm22,
idma,
iiCUBED,
iia,
iisdmitch,
ikarios,
ikilledyourcat,
ildabears,
illeatyourheart,
imaybemeesh,
imnotlegolas,
inaaace,
indochris609,
indrora,
infernal_llamas,
inmatarian,
inquirewue,
intortus,
ion-tom,
ipiranga,
ispoiler,
itmightbeaseizure,
itsallgoodie,
itsclearimhappy,
itsrattlesnake,
ivegotagoldenticket,
izmatron,
j0be,
j1002s,
jabask,
jack456123,
jackgopack4,
jake10house,
jakerman999,
jam3zz,
jambox888,
jamers89000,
jarstult,
jaxspider,
jay456,
jb2386,
jbrake,
jbrooks21,
jdbee,
jdgrafton,
jdylopa,
jeffAA,
jeffiethepirate,
jehe,
jermslice,
jessarojas,
jetsparrow,
jettj12,
jettrooper33,
jguacmann1,
jiblet84,
jimmahdean,
jimmithy,
jinnyjuice,
jlew24asu,
jlopez24,
jman077,
jmf145,
joetheschmoe4000,
johnbarnshack,
johninbigd,
johnmedgla,
joi1369,
jojimboy,
joka86,
jokes_on_you,
jon2kx,
jonesguy14,
jonez450,
jonnyd005,
jordan3434,
jordanbeff,
jordypants,
josh6499,
jostler57,
jpsquill,
jremz,
jrizos,
jsalazar3,
jshrlzwrld02,
jturkish,
julesasner-dt,
julian88888888,
jupiter0,
jurble,
juror-number-8,
just-jake,
juxtaposer43,
jvacek996,
jwatkins29,
jwchen,
jweebo,
jyapman,
k0mbaticus,
karhall,
karthus25,
kasutori_Jack,
kcell,
keineliebe,
kekembas17,
kendall12321232,
kepleronlyknows,
kernowgringo,
kevler9oh,
kevvvn,
kflipz,
kidzior,
killerado,
killerwin,
kilo73,
kimboslice11,
kindofstephen,
kites47,
klassik891,
kleinergruenerkaktus,
kleopatra6tilde9,
klinquist,
klipse,
kmad,
kmccormi,
kmck96,
kn0thing,
knobiknows,
kookoo831,
kosanovskiy,
kosif,
kpingvin,
krazyfreak123,
kris_lace,
krispykrackers,
kriswone,
ksaj,
ktool,
kukukele,
kulaboy94,
kulrajwashere,
kuttanpilla,
kylelee,
kyuronite,
l33tSpeak,
l3un1t,
laaabaseball,
labago,
lancerevo98,
lanismycousin,
laristocrate,
lastoftheyagahe,
latenightnerd,
leafeator,
leet_hacksaw,
lejefferson,
lemonfreedom,
leoberto,
leonprimrose,
lessobvious,
lethalweapon100,
lettuceman44,
libertao,
likeBruceSpringsteen,
likwidtek,
lilstumpz,
linkazoid,
listn2moremetal,
live4hisglory,
livejamie,
llnk,
lloganwebb,
loganemar,
lolodotkoli,
lolpancakeslol,
lomoeffect,
longhairedfreakyppl,
lookitsdan,
loopscadoop,
loopuleasa,
lordcarnage,
lordlicorice,
lordnahte42,
loudtyper,
lovetape,
lozdogz,
lttljimmy,
luag,
lud1120,
lulzcakes,
lupianwolf,
luxpsycho,
m0pi1,
ma6ic,
macaroni_veteran,
mach-2,
mackk,
madsohm,
mage_g4,
magicmurph,
mago184,
makaveli151,
makemisteaks,
makenzie71,
makesureimjewish,
malakistiri,
malufor,
mamba_79,
mandal0re,
manikfox,
mapryan,
margaryna,
markender,
markevens,
marky6045,
markywater,
marmz111,
marquis_of_chaos,
martentk,
martiniman,
matrixifyme,
matt01ss,
mattXIX,
mattyg5,
maynardftw,
mcbordes,
mcjiggerlog,
mdawgig,
meatwad75892,
meeeow,
megustaPRO,
megustcizer,
mehatch,
mehdbc,
meiotta,
mellowmonk,
menes40,
mequals1m1w,
metabeing,
metaranha,
metrogdor22,
mezzizle,
mgrier123,
mi-16evil,
mi1kman_dave,
michaelwc,
microtrash,
mightymdc,
mike23pizzo,
mike413,
mikejohnno,
mikeleus,
miklaen,
milleniummanp7,
mindspread,
mintberrycrunk,
mishagale,
misnamed,
mjbat7,
mobuco,
moby323,
modman2,
modomario,
mohiben,
moldyxorange,
momentum77,
monk3yboy305,
monopixel,
monotoonz,
moontanned,
mordocai058,
mowing,
mpavlofsky,
mpg1846,
mph1204,
mr_pleco,
mrdude817,
mrhappyoz,
mrkees,
mrlr,
mrpanafonic,
mspk7305,
mszegedy,
muellzy,
murdurturtle,
murfi,
musical_hog,
mw3haha,
mwada1,
mybrosteve,
mygrapefruit,
mylifeisanocean,
mynamespaghetti,
myrpou,
namenottaken94,
namer98,
nametheoccupation,
namsilat,
napster2k6,
nasdaf,
nathanl1192,
nathanmcc1,
nayson9,
ne0lithic,
needmoney90,
needuhLee,
neocow,
nerfezoriuq,
netpastor,
newpua_bie,
newton54645,
newtothelyte,
nexxai,
nexxus-s,
nickbob18,
nikiverse,
niobe127,
nittick,
nme_,
nmpraveen,
nmyi,
no1name,
no_turn_unstoned,
nodnodwinkwink,
noeatnosleep,
nomalas,
nomanoid,
nomau,
nomcow,
nomemory,
nomofica,
nomsecretly,
nonex,
nonubiq,
noodlesfordaddy,
noroom,
nosenuggets54,
noseonarug17,
not-a-cylon,
not_a_Dr,
not_again123,
notamustache,
nps,
nshaz,
numandina,
nutshells,
nyarr,
nyuncat,
o2daface,
obsessive_cook,
odigo2020,
odinist,
ofsinope,
ohnoitsrambo,
ohohb,
old_snake,
oliverhart,
omgitsjo,
omni_wisdumb,
onetruemod,
onscreenlol,
ontherok,
openxmind,
orangepill,
orangeslash,
orko1995,
orsini1138,
orthros,
otakuman,
ozone63,
p0x0rz,
p337,
paintedsaint,
paintingunicorn,
pajam,
pandanomic,
pandawooper,
paranoidbillionaire,
parles,
partisparti,
patrik667,
patriotaxe,
paulfromatlanta,
paulthepenguin,
pavel_lishin,
peanutmanak47,
pecet,
pedro19,
pekayer10,
pencer,
pengo,
peterabbit456,
phazshifter11,
phillyfanjd,
phunkystuff,
physicscat,
pianobadger,
picardo85,
piepei,
pigferret,
pikadrew,
pinumbernumber,
pkmnBlue,
plasker6,
playa_mar_cielo,
plazman30,
pocodot,
pokemaster_winter,
polezo,
politicaldan,
polydorr,
polysemous_entelechy,
poobicus,
poops_all_berries,
porh,
potato1,
potatosss,
preggit,
prematurepost,
pretzelzetzel,
price0416,
professorpan,
project_twenty5oh1,
promek,
promonk,
provoko,
pryme,
pseudolobster,
psych00range,
ptgkbgte,
pup2551,
purpleolive,
pwnyoudedinface,
pyrowolf8,
pzycho,
qervem,
qp0n,
qqg3,
quaxon,
quinn_drummer,
r2002,
r3dh3rring,
racutt,
radonchong,
rage-quit,
ragogumi,
rahrness,
rakust,
ralph122030,
ramma314,
randoh12,
rasmus9311,
rastacola,
ravenpride,
razzark666,
rb7_brady,
rbevans,
rdelamora1,
rdfiii,
rdudejr,
real-dreamer,
reddit_like_its_hot,
redditlurkernoob776,
redhatGizmo,
redonculous,
redwormcharlie,
reidhasguitar,
renome,
resonatingfury,
richardveevers,
rickthecabbie,
ridik_ulass,
riokou,
ripster55,
risto1116,
rizz360,
rmill3r,
robotshoelaces,
rock217,
rockeh,
rocketman0739,
roflbox,
roger_,
rohirs,
rolobrowntowntony,
ronconcoca,
rootbeerfetish,
rothwick,
rougetoxicity,
rpm1984,
rriz7,
rspix000,
ruff0214,
rumster,
runningraleigh,
ruskeeblue,
rustyarrowhead,
rv77ax,
ryan3243,
ryan9991,
rycokamoore,
s-mores,
saadakhtar,
sabotourAssociate,
sacredserenity,
sageDieu,
sage_of_majic,
saintdominic,
sakasama_bridge,
saldejums,
samdman,
samuraialien,
samx3i,
sandhouse,
santaschesthairs,
sapiophile,
sararules2,
saywhatisobvious,
sbarias20,
scamperly,
scarface910,
scartol,
scattyckot,
scharfca,
scolbert08,
scoofy,
scottg96,
scottocs,
scribbling_des,
scuczu,
scudd,
scythesabre,
sdc_sketchez,
seaburn,
secaedelcielo,
sectorfour,
senorjohhny,
serenity10,
sergeyuf,
series_of_derps,
seriouschiz,
serupento,
sexi_squidward,
sfitsea,
sfs40,
sgamer,
shadow8449,
shadyabhi,
shaggorama,
shanoxilt,
shellbullet17,
shitwhore,
shmadorable,
shmup,
shniken,
shortguy014,
showstopping,
shzadh,
sid9102,
sidianmsjones,
sigilvii,
silentstorm2008,
sirberus,
sircmpwn,
sirkyle,
sivadneb,
sje46,
sjmarotta,
sk3pt1c,
skarface6,
skeeto,
skepticaljesus,
skibble,
skinkbaa,
skyline_kid,
slapFIVE,
slayeromen,
sleepynow,
slothzen,
slumslum,
smacksaw,
smartalec98,
smdaegan,
smurge,
sn44,
snowgimp,
soapinmouth,
sobeach,
sobermonkey,
socalnonsage,
sodypop,
solateor,
solidwhetstone,
somedude456,
someredditorguy,
something224,
somethingaboutfire,
sorcon,
soupyhands,
sourcreamjunkie,
sovietsrule,
sp4ce,
spacelemon,
spankr,
spatchcock,
spdorsey,
speckz,
speedyleedy,
speezo_mchenry,
spekter299,
spencerawr,
spez,
spirit_spine,
spoofex,
spooget3,
spoone,
sprawld,
sprremix,
squiggitysquashua,
srubt242,
staiano,
stanleythemanley44,
staomeel,
stapleherdick,
starrychloe,
steak21,
stealthcreeper,
steelpan,
sterling_mallory,
stesch,
stixz101,
stock_character,
stonesfcr,
stormageddon103,
stormclaw11,
strallweat,
strangelycutlemon,
strutmcphearson,
studcase,
stylezDWhite,
sulaymanf,
sumiriously,
summatclever,
summerofevidence,
suntzu345,
supercheetah,
supersonic3974,
survum,
sutr90,
swampsparrow,
swanpenguin,
swiftpants,
sygede,
synapticimpact,
synopser,
syuk,
t0lk,
t3hcoolness,
t3hwookie90,
t3rneado,
taario,
taliriktug,
talzer,
tamifromcali,
tapanojum,
taughtmonk,
tazcel,
technoskittles,
tehrabbitt,
tehreal,
terrorTrain,
teryxc,
teuast,
texacer,
th3thund3r,
tha_dood,
that1guywithredhair,
thatoneguy249,
thatwaffleskid,
theCarryAll,
theKalash,
the_dayman,
the_moonface,
thebrownkid,
thedeadhipster,
thefaith1029,
theghostofme,
thegillenator,
thegodsarepleased,
thejellydude,
themarknessmonster,
themightypierre,
thenicky0,
thenotoriousbtb,
theoneringnet,
theonlyalterego,
thermal_shock,
theruins,
thesepigswillplay,
theskabus,
thetafferboy,
thethiefstheme,
thevideoclown,
thinkpadius,
throwaway555789,
thunder216,
tianan,
timex40,
timotab,
timothy53,
timsandtoms,
tiradium,
tizorres,
tmoney34,
tmotom,
tnethacker,
tnick771,
tomasziam,
toomanynamesaretook,
touchable,
toucher,
touyajp,
townshend445,
trafc,
trauma_kmart,
travcurtis,
travkram,
treebog,
tresser,
trevdak2,
tripled153,
tritter211,
trivialretort,
trmaps,
troglozyte,
troublesomeness,
trshtehdsh,
trumpet_23,
tsenaku,
tt_frog,
tuckertucker,
turbie,
twitch1982,
twitchMAC17,
typical_thatguy,
typtyphus,
tyrannosaurus_fred,
tyrroi,
uJellie,
ubomw,
ujemvi,
unclesam_0001,
unforgiven91,
unknown_name,
unsurebutwilling,
unusualbob,
username5550123,
ustbro,
vaginitischlamydia,
vanillathunder12,
varrogath,
vaselinepete,
verbify,
veribaka,
vernazza,
veron101,
verygoodyear,
vetcmb,
viksra,
vinspiration,
virginpresident,
vivvav,
vorin,
voyetra8,
vpxtreme,
vteckickedin,
vutall,
vvarden,
vviikkrraanntt,
wArchi,
waffle569,
wakeupsheep,
wallawalla22,
warlockami,
watchesyousleep,
waterandshade,
wazzym,
we1shknigh7,
weaselbeef,
webdevbrian,
weeeaaa,
weeyummy1,
weggles,
whatthefuckguys,
whicketywack,
whipnil,
willo_sea,
willreavis,
windoverxx,
windowbreaker9,
wistan,
wisyf,
wjfox2009,
woflcopter,
woizard,
wolf2600,
wondertwins,
woodyallin,
woooooahnellie,
wrigsam,
x420Y0L0SWAG666,
xAsianZombie,
xCessivePresure,
xPlatypusVenom,
xSPYXEx,
xXSJADOo,
xanton,
xarkonnen,
xavierfox42,
xebo,
xenmate,
xereeto,
xlarukux,
xoxoyoyo,
xtirpation,
xtrasneakygastro,
yakpimp,
yannisv,
yashchand,
yeahHedid,
yeebok,
yellownumberfive,
yellowtag,
yhelothere,
ymmajjet,
yomomma56,
yourcitysucks,
yousaidicould,
yti555,
zalemam,
zamwut,
zarmin,
zeug666,
zigzag32,
zigzagzig,
zillah1985,
zombiegirl2010,
zonination,
zoot_allures,
zosobaggins,
zscuro,
zubie_wanders,
